farm,representation,detector,normal_statuses,n_events,n_anomaly,n_normal,event_roc_auc,event_pr_auc,event_roc_auc_ci_low,event_roc_auc_ci_high,mean_anomaly_percentile,mean_normal_percentile,anomaly_normal_gap,anomaly_normal_gap_ci_low,anomaly_normal_gap_ci_high,detection_rate,normal_false_alarm_rate
A,linear_residual,gmm,0,22.0,12.0,10.0,0.8583333333333333,0.8803633866133868,0.638888888888889,1.0,0.5748624428859184,0.48249027461118177,0.0923721682747366,0.03748739811624824,0.14139143568307655,0.5,0.2
A,linear_residual,gmm,0+2,22.0,12.0,10.0,0.8583333333333333,0.8803633866133868,0.638888888888889,1.0,0.5748624428859184,0.48249027461118177,0.0923721682747366,0.03748739811624824,0.14139143568307655,0.5,0.2
A,linear_residual,iforest,0,22.0,12.0,10.0,0.775,0.8093105423987778,0.3981481481481482,0.95376221001221,0.5353152581872866,0.4532386805576437,0.08207657762964293,0.003207753424138926,0.1520418475501497,0.3333333333333333,0.0
A,linear_residual,iforest,0+2,22.0,12.0,10.0,0.775,0.8093105423987778,0.3981481481481482,0.95376221001221,0.5353152581872866,0.4532386805576437,0.08207657762964293,0.003207753424138926,0.1520418475501497,0.3333333333333333,0.0
A,raw,gmm,0,22.0,12.0,10.0,0.5083333333333333,0.6748445590357356,0.2592592592592593,0.7045454545454546,0.4798191767637647,0.4562936324445416,0.023525544319223102,-0.0614149143261174,0.11753072065307935,0.08333333333333333,0.0
A,raw,gmm,0+2,22.0,12.0,10.0,0.5083333333333333,0.6748445590357356,0.2592592592592593,0.7045454545454546,0.4798191767637647,0.4562936324445416,0.023525544319223102,-0.0614149143261174,0.11753072065307935,0.08333333333333333,0.0
A,raw,iforest,0,22.0,12.0,10.0,0.6666666666666666,0.7982749420055922,0.3888888888888889,0.811965811965812,0.5271764428593131,0.4389911373355108,0.08818530552380227,-0.01229490386972998,0.17422146591331217,0.16666666666666666,0.1
A,raw,iforest,0+2,22.0,12.0,10.0,0.6666666666666666,0.7982749420055922,0.3888888888888889,0.811965811965812,0.5271764428593131,0.4389911373355108,0.08818530552380227,-0.01229490386972998,0.17422146591331217,0.16666666666666666,0.1
B,linear_residual,gmm,0,15.0,6.0,9.0,0.3888888888888889,0.3647126022126022,0.13324074074074074,0.7222222222222222,0.6594175842323564,0.6905482180633764,-0.031130633831019994,-0.12084711703999491,0.03900254062072721,0.16666666666666666,0.1111111111111111
B,linear_residual,gmm,0+2,15.0,6.0,9.0,0.3888888888888889,0.3647126022126022,0.13324074074074074,0.7222222222222222,0.6594175842323564,0.6905482180633764,-0.031130633831019994,-0.12084711703999491,0.03900254062072721,0.16666666666666666,0.1111111111111111
B,linear_residual,iforest,0,15.0,6.0,9.0,0.37037037037037035,0.3583384208384209,0.06329365079365083,0.6666666666666667,0.5982822223417948,0.6439994500613598,-0.04571722771956499,-0.11820937398669859,0.02155962567577842,0.16666666666666666,0.0
B,linear_residual,iforest,0+2,15.0,6.0,9.0,0.37037037037037035,0.3583384208384209,0.06329365079365083,0.6666666666666667,0.5982822223417948,0.6439994500613598,-0.04571722771956499,-0.11820937398669859,0.02155962567577842,0.16666666666666666,0.0
B,raw,gmm,0,15.0,6.0,9.0,0.42592592592592593,0.42364024864024863,0.13333333333333336,0.6944444444444444,0.6684479872796872,0.6767171623783761,-0.008269175098688852,-0.08471485187831183,0.06540331283225394,0.3333333333333333,0.2222222222222222
B,raw,gmm,0+2,15.0,6.0,9.0,0.42592592592592593,0.42364024864024863,0.13333333333333336,0.6944444444444444,0.6684479872796872,0.6767171623783761,-0.008269175098688852,-0.08471485187831183,0.06540331283225394,0.3333333333333333,0.2222222222222222
B,raw,iforest,0,15.0,6.0,9.0,0.42592592592592593,0.4135975135975136,0.12658730158730164,0.8099206349206346,0.6123333575380464,0.6589242458605069,-0.0465908883224605,-0.20542585490228,0.08101162081570153,0.0,0.0
B,raw,iforest,0+2,15.0,6.0,9.0,0.42592592592592593,0.4135975135975136,0.12658730158730164,0.8099206349206346,0.6123333575380464,0.6589242458605069,-0.0465908883224605,-0.20542585490228,0.08101162081570153,0.0,0.0
C,linear_residual,gmm,0,58.0,27.0,31.0,0.6845878136200717,0.6925956339809456,0.5098230329181386,0.8087286931818183,0.8244836283204573,0.7072704910522282,0.11721313726822913,0.003786150071474971,0.1993114121157539,0.5185185185185185,0.12903225806451613
C,linear_residual,gmm,0+2,58.0,27.0,31.0,0.6845878136200717,0.6925956339809456,0.5098230329181386,0.8087286931818183,0.8244836283204573,0.7072704910522282,0.11721313726822913,0.003786150071474971,0.1993114121157539,0.5185185185185185,0.12903225806451613
C,linear_residual,iforest,0,58.0,27.0,31.0,0.6559139784946236,0.6455500109043222,0.48996486605182255,0.7869427254772876,0.7911850126623121,0.6795815315429543,0.1116034811193578,0.005191737857199722,0.20106491874735624,0.5185185185185185,0.25806451612903225
C,linear_residual,iforest,0+2,58.0,27.0,31.0,0.6559139784946236,0.6455500109043222,0.48996486605182255,0.7869427254772876,0.7911850126623121,0.6795815315429543,0.1116034811193578,0.005191737857199722,0.20106491874735624,0.5185185185185185,0.25806451612903225
C,raw,gmm,0,58.0,27.0,31.0,0.7395459976105137,0.7094830052660714,0.5937325527295285,0.8477843137254901,0.8302471125566996,0.6840115461119125,0.14623556644478708,0.05322435346719254,0.2241018636555426,0.48148148148148145,0.22580645161290322
C,raw,gmm,0+2,58.0,27.0,31.0,0.7395459976105137,0.7094830052660714,0.5937325527295285,0.8477843137254901,0.8302471125566996,0.6840115461119125,0.14623556644478708,0.05322435346719254,0.2241018636555426,0.48148148148148145,0.22580645161290322
C,raw,iforest,0,58.0,27.0,31.0,0.6905615292712067,0.6716054559659184,0.5493884830983523,0.813631893730554,0.7715701504556455,0.6442590552631272,0.12731109519251826,0.0378799534652914,0.20811618711168509,0.4074074074074074,0.16129032258064516
C,raw,iforest,0+2,58.0,27.0,31.0,0.6905615292712067,0.6716054559659184,0.5493884830983523,0.813631893730554,0.7715701504556455,0.6442590552631272,0.12731109519251826,0.0378799534652914,0.20811618711168509,0.4074074074074074,0.16129032258064516
ALL,linear_residual,gmm,0,95.0,45.0,50.0,0.608,0.6199617960703061,0.49413353940831073,0.7127192392613407,0.7359091729928336,0.6593044386260256,0.07660473436680804,0.005952337475000272,0.14445611634775707,0.4666666666666667,0.14
ALL,linear_residual,gmm,0+2,95.0,45.0,50.0,0.608,0.6199617960703061,0.49413353940831073,0.7127192392613407,0.7359091729928336,0.6593044386260256,0.07660473436680804,0.005952337475000272,0.14445611634775707,0.4666666666666667,0.14
ALL,linear_residual,iforest,0,95.0,45.0,50.0,0.5884444444444445,0.5886900585155638,0.46973813184701135,0.6961607142857142,0.6972327060929029,0.6279081866792051,0.06932451941369777,-0.006746739505802601,0.1392766065673248,0.4222222222222222,0.16
ALL,linear_residual,iforest,0+2,95.0,45.0,50.0,0.5884444444444445,0.5886900585155638,0.46973813184701135,0.6961607142857142,0.6972327060929029,0.6279081866792051,0.06932451941369777,-0.006746739505802601,0.1392766065673248,0.4222222222222222,0.16
ALL,raw,gmm,0,95.0,45.0,50.0,0.6235555555555555,0.6312204443641796,0.5069223484848485,0.7351734234234234,0.7152264463083153,0.6371549743064019,0.07807147200191344,0.002097322647965674,0.15144945019613354,0.35555555555555557,0.18
ALL,raw,gmm,0+2,95.0,45.0,50.0,0.6235555555555555,0.6312204443641796,0.5069223484848485,0.7351734234234234,0.7152264463083153,0.6371549743064019,0.07807147200191344,0.002097322647965674,0.15144945019613354,0.35555555555555557,0.18
ALL,raw,iforest,0,95.0,45.0,50.0,0.6222222222222222,0.6185053123110323,0.5031229579088986,0.7377302170642597,0.6851669227076103,0.6058452059851323,0.07932171672247801,0.003350979297205773,0.14899190357482697,0.28888888888888886,0.12
ALL,raw,iforest,0+2,95.0,45.0,50.0,0.6222222222222222,0.6185053123110323,0.5031229579088986,0.7377302170642597,0.6851669227076103,0.6058452059851323,0.07932171672247801,0.003350979297205773,0.14899190357482697,0.28888888888888886,0.12
