farm,asset,cluster_id,event_id,label,description,representation,detector,normal_statuses,n_train,n_eval,n_covariates,n_targets,smooth_steps,threshold_quantile,threshold_percentile,auc_vs_train,event_mean_percentile,event_p95_percentile,frac_above_threshold,alarm
A,11,A:11,68,anomaly,Transformer failure,linear_residual,gmm,0,52063,2014,6,46,1,0.95,0.9500009603749303,0.5681664779328063,0.5681760816821099,0.9702763959049613,0.08689175769612711,True
A,11,A:11,68,anomaly,Transformer failure,linear_residual,gmm,0,52063,2014,6,46,1,0.975,0.9750004801874651,0.5681664779328063,0.5681760816821099,0.9702763959049613,0.039721946375372394,True
A,11,A:11,68,anomaly,Transformer failure,linear_residual,gmm,0,52063,2014,6,46,1,0.99,0.990000192074986,0.5681664779328063,0.5681760816821099,0.9702763959049613,0.011916583912611719,True
A,11,A:11,68,anomaly,Transformer failure,linear_residual,gmm,0,52063,2014,6,46,1,0.995,0.9950000960374931,0.5681664779328063,0.5681760816821099,0.9702763959049613,0.007944389275074478,True
A,11,A:11,68,anomaly,Transformer failure,linear_residual,gmm,0,52063,2014,6,46,1,0.999,0.9990000192074986,0.5681664779328063,0.5681760816821099,0.9702763959049613,0.0009930486593843098,True
A,11,A:11,68,anomaly,Transformer failure,linear_residual,gmm,0,52063,2014,6,46,6,0.95,0.9073526304669344,0.5802463732685332,0.5668525810748611,0.9522453565872117,0.12015888778550149,True
A,11,A:11,68,anomaly,Transformer failure,linear_residual,gmm,0,52063,2014,6,46,6,0.975,0.9392754931525267,0.5802463732685332,0.5668525810748611,0.9522453565872117,0.06703078450844091,True
A,11,A:11,68,anomaly,Transformer failure,linear_residual,gmm,0,52063,2014,6,46,6,0.99,0.9650665539826747,0.5802463732685332,0.5668525810748611,0.9522453565872117,0.02631578947368421,True
A,11,A:11,68,anomaly,Transformer failure,linear_residual,gmm,0,52063,2014,6,46,6,0.995,0.9797735435914182,0.5802463732685332,0.5668525810748611,0.9522453565872117,0.006454816285998014,True
A,11,A:11,68,anomaly,Transformer failure,linear_residual,gmm,0,52063,2014,6,46,6,0.999,0.9947467491308607,0.5802463732685332,0.5668525810748611,0.9522453565872117,0.0,False
A,11,A:11,68,anomaly,Transformer failure,linear_residual,gmm,0,52063,2014,6,46,36,0.95,0.8358623206499818,0.599825876490901,0.5679212389939078,0.9178173558957416,0.1564051638530288,True
A,11,A:11,68,anomaly,Transformer failure,linear_residual,gmm,0,52063,2014,6,46,36,0.975,0.8806349999039624,0.599825876490901,0.5679212389939078,0.9178173558957416,0.08738828202581926,True
A,11,A:11,68,anomaly,Transformer failure,linear_residual,gmm,0,52063,2014,6,46,36,0.99,0.9144106179052293,0.599825876490901,0.5679212389939078,0.9178173558957416,0.05362462760675273,True
A,11,A:11,68,anomaly,Transformer failure,linear_residual,gmm,0,52063,2014,6,46,36,0.995,0.9408024892918194,0.599825876490901,0.5679212389939078,0.9178173558957416,0.014895729890764648,True
A,11,A:11,68,anomaly,Transformer failure,linear_residual,gmm,0,52063,2014,6,46,36,0.999,0.9795536177323627,0.599825876490901,0.5679212389939078,0.9178173558957416,0.0,False
A,11,A:11,68,anomaly,Transformer failure,linear_residual,gmm,0,52063,2014,6,46,144,0.95,0.7698874440581593,0.7113305654189759,0.6165963784118321,0.8116844015903808,0.15590863952333664,True
A,11,A:11,68,anomaly,Transformer failure,linear_residual,gmm,0,52063,2014,6,46,144,0.975,0.8206595855021801,0.7113305654189759,0.6165963784118321,0.8116844015903808,0.041211519364448855,True
A,11,A:11,68,anomaly,Transformer failure,linear_residual,gmm,0,52063,2014,6,46,144,0.99,0.8656197299425694,0.7113305654189759,0.6165963784118321,0.8116844015903808,0.0,False
A,11,A:11,68,anomaly,Transformer failure,linear_residual,gmm,0,52063,2014,6,46,144,0.995,0.8814321110961719,0.7113305654189759,0.6165963784118321,0.8116844015903808,0.0,False
A,11,A:11,68,anomaly,Transformer failure,linear_residual,gmm,0,52063,2014,6,46,144,0.999,0.9054126731075811,0.7113305654189759,0.6165963784118321,0.8116844015903808,0.0,False
A,11,A:11,68,anomaly,Transformer failure,linear_residual,gmm,0,52063,2014,6,46,432,0.95,0.7185813341528533,0.7931537369905199,0.644122550249973,0.7855578817970537,0.3997020854021847,True
A,11,A:11,68,anomaly,Transformer failure,linear_residual,gmm,0,52063,2014,6,46,432,0.975,0.7666000806714941,0.7931537369905199,0.644122550249973,0.7855578817970537,0.14746772591857002,True
A,11,A:11,68,anomaly,Transformer failure,linear_residual,gmm,0,52063,2014,6,46,432,0.99,0.8109982137026295,0.7931537369905199,0.644122550249973,0.7855578817970537,0.0,False
A,11,A:11,68,anomaly,Transformer failure,linear_residual,gmm,0,52063,2014,6,46,432,0.995,0.8176536119701132,0.7931537369905199,0.644122550249973,0.7855578817970537,0.0,False
A,11,A:11,68,anomaly,Transformer failure,linear_residual,gmm,0,52063,2014,6,46,432,0.999,0.822637957858748,0.7931537369905199,0.644122550249973,0.7855578817970537,0.0,False
A,21,A:21,22,anomaly,Hydraulic group,linear_residual,gmm,0,43803,1005,6,46,1,0.95,0.9500011414743282,0.617395353211342,0.6174067679546247,0.9673447024176426,0.08258706467661692,True
A,21,A:21,22,anomaly,Hydraulic group,linear_residual,gmm,0,43803,1005,6,46,1,0.975,0.9750005707371641,0.617395353211342,0.6174067679546247,0.9673447024176426,0.03482587064676617,True
A,21,A:21,22,anomaly,Hydraulic group,linear_residual,gmm,0,43803,1005,6,46,1,0.99,0.9900002282948657,0.617395353211342,0.6174067679546247,0.9673447024176426,0.006965174129353234,True
A,21,A:21,22,anomaly,Hydraulic group,linear_residual,gmm,0,43803,1005,6,46,1,0.995,0.9950001141474328,0.617395353211342,0.6174067679546247,0.9673447024176426,0.003980099502487562,True
A,21,A:21,22,anomaly,Hydraulic group,linear_residual,gmm,0,43803,1005,6,46,1,0.999,0.9990000228294865,0.617395353211342,0.6174067679546247,0.9673447024176426,0.0009950248756218905,True
A,21,A:21,22,anomaly,Hydraulic group,linear_residual,gmm,0,43803,1005,6,46,6,0.95,0.9176414857429857,0.6288451244224055,0.6153753071048655,0.9478643015318585,0.09154228855721393,True
A,21,A:21,22,anomaly,Hydraulic group,linear_residual,gmm,0,43803,1005,6,46,6,0.975,0.9532337967719107,0.6288451244224055,0.6153753071048655,0.9478643015318585,0.04477611940298507,True
A,21,A:21,22,anomaly,Hydraulic group,linear_residual,gmm,0,43803,1005,6,46,6,0.99,0.9782647307262062,0.6288451244224055,0.6153753071048655,0.9478643015318585,0.011940298507462687,True
A,21,A:21,22,anomaly,Hydraulic group,linear_residual,gmm,0,43803,1005,6,46,6,0.995,0.9867803575097593,0.6288451244224055,0.6153753071048655,0.9478643015318585,0.0029850746268656717,True
A,21,A:21,22,anomaly,Hydraulic group,linear_residual,gmm,0,43803,1005,6,46,6,0.999,0.996712553934662,0.6288451244224055,0.6153753071048655,0.9478643015318585,0.0,False
A,21,A:21,22,anomaly,Hydraulic group,linear_residual,gmm,0,43803,1005,6,46,36,0.95,0.8676688811268635,0.6686793301033584,0.618027128017652,0.8526242494806292,0.03482587064676617,True
A,21,A:21,22,anomaly,Hydraulic group,linear_residual,gmm,0,43803,1005,6,46,36,0.975,0.91710613428304,0.6686793301033584,0.618027128017652,0.8526242494806292,0.027860696517412936,True
A,21,A:21,22,anomaly,Hydraulic group,linear_residual,gmm,0,43803,1005,6,46,36,0.99,0.9531737552222456,0.6686793301033584,0.618027128017652,0.8526242494806292,0.005970149253731343,True
A,21,A:21,22,anomaly,Hydraulic group,linear_residual,gmm,0,43803,1005,6,46,36,0.995,0.9650243134031914,0.6686793301033584,0.618027128017652,0.8526242494806292,0.0,False
A,21,A:21,22,anomaly,Hydraulic group,linear_residual,gmm,0,43803,1005,6,46,36,0.999,0.9912448919023811,0.6686793301033584,0.618027128017652,0.8526242494806292,0.0,False
A,21,A:21,22,anomaly,Hydraulic group,linear_residual,gmm,0,43803,1005,6,46,144,0.95,0.7927425062210351,0.7715831385728253,0.6258111310897513,0.7686688126384038,0.01990049751243781,True
A,21,A:21,22,anomaly,Hydraulic group,linear_residual,gmm,0,43803,1005,6,46,144,0.975,0.8889231331187362,0.7715831385728253,0.6258111310897513,0.7686688126384038,0.0,False
A,21,A:21,22,anomaly,Hydraulic group,linear_residual,gmm,0,43803,1005,6,46,144,0.99,0.928509462822181,0.7715831385728253,0.6258111310897513,0.7686688126384038,0.0,False
A,21,A:21,22,anomaly,Hydraulic group,linear_residual,gmm,0,43803,1005,6,46,144,0.995,0.946076752733831,0.7715831385728253,0.6258111310897513,0.7686688126384038,0.0,False
A,21,A:21,22,anomaly,Hydraulic group,linear_residual,gmm,0,43803,1005,6,46,144,0.999,0.985423372828345,0.7715831385728253,0.6258111310897513,0.7686688126384038,0.0,False
A,21,A:21,22,anomaly,Hydraulic group,linear_residual,gmm,0,43803,1005,6,46,432,0.95,0.7556674200397233,0.802422424325647,0.6063229386478561,0.6739515558295094,0.0,False
A,21,A:21,22,anomaly,Hydraulic group,linear_residual,gmm,0,43803,1005,6,46,432,0.975,0.8596757071433455,0.802422424325647,0.6063229386478561,0.6739515558295094,0.0,False
A,21,A:21,22,anomaly,Hydraulic group,linear_residual,gmm,0,43803,1005,6,46,432,0.99,0.9133255713079016,0.802422424325647,0.6063229386478561,0.6739515558295094,0.0,False
A,21,A:21,22,anomaly,Hydraulic group,linear_residual,gmm,0,43803,1005,6,46,432,0.995,0.9199027463872338,0.802422424325647,0.6063229386478561,0.6739515558295094,0.0,False
A,21,A:21,22,anomaly,Hydraulic group,linear_residual,gmm,0,43803,1005,6,46,432,0.999,0.9243202520375317,0.802422424325647,0.6063229386478561,0.6739515558295094,0.0,False
A,21,A:21,72,anomaly,Gearbox failure,linear_residual,gmm,0,46697,1009,6,46,1,0.95,0.9500010707325952,0.53731608151431,0.5373267888402625,0.9452555838704841,0.04757185332011893,True
A,21,A:21,72,anomaly,Gearbox failure,linear_residual,gmm,0,46697,1009,6,46,1,0.975,0.9750005353662976,0.53731608151431,0.5373267888402625,0.9452555838704841,0.017839444995044598,True
A,21,A:21,72,anomaly,Gearbox failure,linear_residual,gmm,0,46697,1009,6,46,1,0.99,0.9900002141465191,0.53731608151431,0.5373267888402625,0.9452555838704841,0.004955401387512388,True
A,21,A:21,72,anomaly,Gearbox failure,linear_residual,gmm,0,46697,1009,6,46,1,0.995,0.9950001070732595,0.53731608151431,0.5373267888402625,0.9452555838704841,0.0019821605550049554,True
A,21,A:21,72,anomaly,Gearbox failure,linear_residual,gmm,0,46697,1009,6,46,1,0.999,0.9990000214146518,0.53731608151431,0.5373267888402625,0.9452555838704841,0.0,False
A,21,A:21,72,anomaly,Gearbox failure,linear_residual,gmm,0,46697,1009,6,46,6,0.95,0.91812107844187,0.5363963763352773,0.5337600926097739,0.8944386149003138,0.04162537165510406,True
A,21,A:21,72,anomaly,Gearbox failure,linear_residual,gmm,0,46697,1009,6,46,6,0.975,0.9513137888943615,0.5363963763352773,0.5337600926097739,0.8944386149003138,0.024777006937561942,True
A,21,A:21,72,anomaly,Gearbox failure,linear_residual,gmm,0,46697,1009,6,46,6,0.99,0.9771831166884383,0.5363963763352773,0.5337600926097739,0.8944386149003138,0.0,False
A,21,A:21,72,anomaly,Gearbox failure,linear_residual,gmm,0,46697,1009,6,46,6,0.995,0.9884472235903805,0.5363963763352773,0.5337600926097739,0.8944386149003138,0.0,False
A,21,A:21,72,anomaly,Gearbox failure,linear_residual,gmm,0,46697,1009,6,46,6,0.999,0.9977942908538022,0.5363963763352773,0.5337600926097739,0.8944386149003138,0.0,False
A,21,A:21,72,anomaly,Gearbox failure,linear_residual,gmm,0,46697,1009,6,46,36,0.95,0.8525322825877462,0.5196628633410088,0.5136617732524547,0.7840332355397562,0.0,False
A,21,A:21,72,anomaly,Gearbox failure,linear_residual,gmm,0,46697,1009,6,46,36,0.975,0.8923249887573076,0.5196628633410088,0.5136617732524547,0.7840332355397562,0.0,False
A,21,A:21,72,anomaly,Gearbox failure,linear_residual,gmm,0,46697,1009,6,46,36,0.99,0.9318058975951345,0.5196628633410088,0.5136617732524547,0.7840332355397562,0.0,False
A,21,A:21,72,anomaly,Gearbox failure,linear_residual,gmm,0,46697,1009,6,46,36,0.995,0.9629856307685684,0.5196628633410088,0.5136617732524547,0.7840332355397562,0.0,False
A,21,A:21,72,anomaly,Gearbox failure,linear_residual,gmm,0,46697,1009,6,46,36,0.999,0.9954708011221278,0.5196628633410088,0.5136617732524547,0.7840332355397562,0.0,False
A,21,A:21,72,anomaly,Gearbox failure,linear_residual,gmm,0,46697,1009,6,46,144,0.95,0.791067948690494,0.5453955389141473,0.5134334493424524,0.694830503030173,0.0,False
A,21,A:21,72,anomaly,Gearbox failure,linear_residual,gmm,0,46697,1009,6,46,144,0.975,0.8352035462663554,0.5453955389141473,0.5134334493424524,0.694830503030173,0.0,False
A,21,A:21,72,anomaly,Gearbox failure,linear_residual,gmm,0,46697,1009,6,46,144,0.99,0.8905634194916162,0.5453955389141473,0.5134334493424524,0.694830503030173,0.0,False
A,21,A:21,72,anomaly,Gearbox failure,linear_residual,gmm,0,46697,1009,6,46,144,0.995,0.9586196115382138,0.5453955389141473,0.5134334493424524,0.694830503030173,0.0,False
A,21,A:21,72,anomaly,Gearbox failure,linear_residual,gmm,0,46697,1009,6,46,144,0.999,0.9932650919759299,0.5453955389141473,0.5134334493424524,0.694830503030173,0.0,False
A,21,A:21,72,anomaly,Gearbox failure,linear_residual,gmm,0,46697,1009,6,46,432,0.95,0.7536886737906074,0.587613824764434,0.513473275501322,0.5718140351628584,0.0,False
A,21,A:21,72,anomaly,Gearbox failure,linear_residual,gmm,0,46697,1009,6,46,432,0.975,0.8052551555774461,0.587613824764434,0.513473275501322,0.5718140351628584,0.0,False
A,21,A:21,72,anomaly,Gearbox failure,linear_residual,gmm,0,46697,1009,6,46,432,0.99,0.8505043150523588,0.587613824764434,0.513473275501322,0.5718140351628584,0.0,False
A,21,A:21,72,anomaly,Gearbox failure,linear_residual,gmm,0,46697,1009,6,46,432,0.995,0.8910606677088461,0.587613824764434,0.513473275501322,0.5718140351628584,0.0,False
A,21,A:21,72,anomaly,Gearbox failure,linear_residual,gmm,0,46697,1009,6,46,432,0.999,0.9126603422061375,0.587613824764434,0.513473275501322,0.5718140351628584,0.0,False
A,0,A:0,73,anomaly,Hydraulic group,linear_residual,gmm,0,46841,1009,6,46,1,0.95,0.9500010674409172,0.605189965446017,0.6052006398551887,0.983309493819517,0.10703666997026759,True
A,0,A:0,73,anomaly,Hydraulic group,linear_residual,gmm,0,46841,1009,6,46,1,0.975,0.9750005337204586,0.605189965446017,0.6052006398551887,0.983309493819517,0.06640237859266601,True
A,0,A:0,73,anomaly,Hydraulic group,linear_residual,gmm,0,46841,1009,6,46,1,0.99,0.9900002134881835,0.605189965446017,0.6052006398551887,0.983309493819517,0.031714568880079286,True
A,0,A:0,73,anomaly,Hydraulic group,linear_residual,gmm,0,46841,1009,6,46,1,0.995,0.9950001067440918,0.605189965446017,0.6052006398551887,0.983309493819517,0.014866204162537165,True
A,0,A:0,73,anomaly,Hydraulic group,linear_residual,gmm,0,46841,1009,6,46,1,0.999,0.9990000213488185,0.605189965446017,0.6052006398551887,0.983309493819517,0.006937561942517344,True
A,0,A:0,73,anomaly,Hydraulic group,linear_residual,gmm,0,46841,1009,6,46,6,0.95,0.9135693089387502,0.6132815378698522,0.6018644162148697,0.9695074827608292,0.1337958374628345,True
A,0,A:0,73,anomaly,Hydraulic group,linear_residual,gmm,0,46841,1009,6,46,6,0.975,0.9484746269293995,0.6132815378698522,0.6018644162148697,0.9695074827608292,0.0753221010901883,True
A,0,A:0,73,anomaly,Hydraulic group,linear_residual,gmm,0,46841,1009,6,46,6,0.99,0.9718195597873658,0.6132815378698522,0.6018644162148697,0.9695074827608292,0.04360753221010902,True
A,0,A:0,73,anomaly,Hydraulic group,linear_residual,gmm,0,46841,1009,6,46,6,0.995,0.9820242949552742,0.6132815378698522,0.6018644162148697,0.9695074827608292,0.026759167492566897,True
A,0,A:0,73,anomaly,Hydraulic group,linear_residual,gmm,0,46841,1009,6,46,6,0.999,0.9916846352554386,0.6132815378698522,0.6018644162148697,0.9695074827608292,0.014866204162537165,True
A,0,A:0,73,anomaly,Hydraulic group,linear_residual,gmm,0,46841,1009,6,46,36,0.95,0.8502166905061805,0.6195635175904213,0.5875642836935081,0.9266027625370936,0.09217046580773043,True
A,0,A:0,73,anomaly,Hydraulic group,linear_residual,gmm,0,46841,1009,6,46,36,0.975,0.9065882453406204,0.6195635175904213,0.5875642836935081,0.9266027625370936,0.07036669970267592,True
A,0,A:0,73,anomaly,Hydraulic group,linear_residual,gmm,0,46841,1009,6,46,36,0.99,0.9506949040370615,0.6195635175904213,0.5875642836935081,0.9266027625370936,0.02973240832507433,True
A,0,A:0,73,anomaly,Hydraulic group,linear_residual,gmm,0,46841,1009,6,46,36,0.995,0.963589590316176,0.6195635175904213,0.5875642836935081,0.9266027625370936,0.011892963330029732,True
A,0,A:0,73,anomaly,Hydraulic group,linear_residual,gmm,0,46841,1009,6,46,36,0.999,0.9816720394526163,0.6195635175904213,0.5875642836935081,0.9266027625370936,0.0,False
A,0,A:0,73,anomaly,Hydraulic group,linear_residual,gmm,0,46841,1009,6,46,144,0.95,0.7840246792340044,0.6212975854105603,0.58066914432857,0.854806686449905,0.16650148662041625,True
A,0,A:0,73,anomaly,Hydraulic group,linear_residual,gmm,0,46841,1009,6,46,144,0.975,0.8509212015114964,0.6212975854105603,0.58066914432857,0.854806686449905,0.05252725470763132,True
A,0,A:0,73,anomaly,Hydraulic group,linear_residual,gmm,0,46841,1009,6,46,144,0.99,0.8958882175871558,0.6212975854105603,0.58066914432857,0.854806686449905,0.0,False
A,0,A:0,73,anomaly,Hydraulic group,linear_residual,gmm,0,46841,1009,6,46,144,0.995,0.9420059349714993,0.6212975854105603,0.58066914432857,0.854806686449905,0.0,False
A,0,A:0,73,anomaly,Hydraulic group,linear_residual,gmm,0,46841,1009,6,46,144,0.999,0.9539505988343545,0.6212975854105603,0.58066914432857,0.854806686449905,0.0,False
A,0,A:0,73,anomaly,Hydraulic group,linear_residual,gmm,0,46841,1009,6,46,432,0.95,0.739298904805619,0.6377293202153274,0.564746459296362,0.7358190474157256,0.048562933597621406,True
A,0,A:0,73,anomaly,Hydraulic group,linear_residual,gmm,0,46841,1009,6,46,432,0.975,0.8031425460600756,0.6377293202153274,0.564746459296362,0.7358190474157256,0.0,False
A,0,A:0,73,anomaly,Hydraulic group,linear_residual,gmm,0,46841,1009,6,46,432,0.99,0.8622894472790932,0.6377293202153274,0.564746459296362,0.7358190474157256,0.0,False
A,0,A:0,73,anomaly,Hydraulic group,linear_residual,gmm,0,46841,1009,6,46,432,0.995,0.8760807839286096,0.6377293202153274,0.564746459296362,0.7358190474157256,0.0,False
A,0,A:0,73,anomaly,Hydraulic group,linear_residual,gmm,0,46841,1009,6,46,432,0.999,0.8844350035225551,0.6377293202153274,0.564746459296362,0.7358190474157256,0.0,False
A,0,A:0,0,anomaly,Generator bearing failure,linear_residual,gmm,0,47252,2012,6,46,1,0.95,0.9500010581562685,0.5981819970719996,0.5981925786346848,0.9785585795310251,0.10487077534791253,True
A,0,A:0,0,anomaly,Generator bearing failure,linear_residual,gmm,0,47252,2012,6,46,1,0.975,0.9750005290781342,0.5981819970719996,0.5981925786346848,0.9785585795310251,0.05715705765407555,True
A,0,A:0,0,anomaly,Generator bearing failure,linear_residual,gmm,0,47252,2012,6,46,1,0.99,0.9900002116312536,0.5981819970719996,0.5981925786346848,0.9785585795310251,0.028330019880715707,True
A,0,A:0,0,anomaly,Generator bearing failure,linear_residual,gmm,0,47252,2012,6,46,1,0.995,0.9950001058156269,0.5981819970719996,0.5981925786346848,0.9785585795310251,0.01441351888667992,True
A,0,A:0,0,anomaly,Generator bearing failure,linear_residual,gmm,0,47252,2012,6,46,1,0.999,0.9990000211631255,0.5981819970719996,0.5981925786346848,0.9785585795310251,0.0034791252485089465,True
A,0,A:0,0,anomaly,Generator bearing failure,linear_residual,gmm,0,47252,2012,6,46,6,0.95,0.9168712435452467,0.6041106646752853,0.5971503157470986,0.9667045839329551,0.1481113320079523,True
A,0,A:0,0,anomaly,Generator bearing failure,linear_residual,gmm,0,47252,2012,6,46,6,0.975,0.9511264073478369,0.6041106646752853,0.5971503157470986,0.9667045839329551,0.0889662027833002,True
A,0,A:0,0,anomaly,Generator bearing failure,linear_residual,gmm,0,47252,2012,6,46,6,0.99,0.9746783204943705,0.6041106646752853,0.5971503157470986,0.9667045839329551,0.033797216699801194,True
A,0,A:0,0,anomaly,Generator bearing failure,linear_residual,gmm,0,47252,2012,6,46,6,0.995,0.9851160797426569,0.6041106646752853,0.5971503157470986,0.9667045839329551,0.016898608349900597,True
A,0,A:0,0,anomaly,Generator bearing failure,linear_residual,gmm,0,47252,2012,6,46,6,0.999,0.9946986370947262,0.6041106646752853,0.5971503157470986,0.9667045839329551,0.0014910536779324055,True
A,0,A:0,0,anomaly,Generator bearing failure,linear_residual,gmm,0,47252,2012,6,46,36,0.95,0.8682727715228984,0.618504903239498,0.5996599079441912,0.9465313637517989,0.17395626242544732,True
A,0,A:0,0,anomaly,Generator bearing failure,linear_residual,gmm,0,47252,2012,6,46,36,0.975,0.912404501396766,0.618504903239498,0.5996599079441912,0.9465313637517989,0.110337972166998,True
A,0,A:0,0,anomaly,Generator bearing failure,linear_residual,gmm,0,47252,2012,6,46,36,0.99,0.9499809531871667,0.618504903239498,0.5996599079441912,0.9465313637517989,0.03876739562624255,True
A,0,A:0,0,anomaly,Generator bearing failure,linear_residual,gmm,0,47252,2012,6,46,36,0.995,0.9655225704732076,0.618504903239498,0.5996599079441912,0.9465313637517989,0.011928429423459244,True
A,0,A:0,0,anomaly,Generator bearing failure,linear_residual,gmm,0,47252,2012,6,46,36,0.999,0.9815006454753242,0.618504903239498,0.5996599079441912,0.9465313637517989,0.0,False
A,0,A:0,0,anomaly,Generator bearing failure,linear_residual,gmm,0,47252,2012,6,46,144,0.95,0.805733090662829,0.6482190514746113,0.6119834893121588,0.9372724964022687,0.23111332007952287,True
A,0,A:0,0,anomaly,Generator bearing failure,linear_residual,gmm,0,47252,2012,6,46,144,0.975,0.8728836874629645,0.6482190514746113,0.6119834893121588,0.9372724964022687,0.20675944333996024,True
A,0,A:0,0,anomaly,Generator bearing failure,linear_residual,gmm,0,47252,2012,6,46,144,0.99,0.909728688732752,0.6482190514746113,0.6119834893121588,0.9372724964022687,0.12226640159045726,True
A,0,A:0,0,anomaly,Generator bearing failure,linear_residual,gmm,0,47252,2012,6,46,144,0.995,0.929950055024126,0.6482190514746113,0.6119834893121588,0.9372724964022687,0.07803180914512922,True
A,0,A:0,0,anomaly,Generator bearing failure,linear_residual,gmm,0,47252,2012,6,46,144,0.999,0.9626682468466943,0.6482190514746113,0.6119834893121588,0.9372724964022687,0.0,False
A,0,A:0,0,anomaly,Generator bearing failure,linear_residual,gmm,0,47252,2012,6,46,432,0.95,0.7892893422500635,0.6958084778807053,0.6374620988620046,0.9168394988571913,0.30019880715705766,True
A,0,A:0,0,anomaly,Generator bearing failure,linear_residual,gmm,0,47252,2012,6,46,432,0.975,0.8216689240667061,0.6958084778807053,0.6374620988620046,0.9168394988571913,0.28926441351888665,True
A,0,A:0,0,anomaly,Generator bearing failure,linear_residual,gmm,0,47252,2012,6,46,432,0.99,0.852834483196478,0.6958084778807053,0.6374620988620046,0.9168394988571913,0.2659045725646123,True
A,0,A:0,0,anomaly,Generator bearing failure,linear_residual,gmm,0,47252,2012,6,46,432,0.995,0.8698222297468908,0.6958084778807053,0.6374620988620046,0.9168394988571913,0.25646123260437376,True
A,0,A:0,0,anomaly,Generator bearing failure,linear_residual,gmm,0,47252,2012,6,46,432,0.999,0.8754680330991288,0.6958084778807053,0.6374620988620046,0.9168394988571913,0.2544731610337972,True
A,0,A:0,26,anomaly,Hydraulic group,linear_residual,gmm,0,46204,1009,6,46,1,0.95,0.9500010821573889,0.5186949928352387,0.5187058144091283,0.9430395636741407,0.04261645193260654,True
A,0,A:0,26,anomaly,Hydraulic group,linear_residual,gmm,0,46204,1009,6,46,1,0.975,0.9750005410786944,0.5186949928352387,0.5187058144091283,0.9430395636741407,0.014866204162537165,True
A,0,A:0,26,anomaly,Hydraulic group,linear_residual,gmm,0,46204,1009,6,46,1,0.99,0.9900002164314778,0.5186949928352387,0.5187058144091283,0.9430395636741407,0.006937561942517344,True
A,0,A:0,26,anomaly,Hydraulic group,linear_residual,gmm,0,46204,1009,6,46,1,0.995,0.9950001082157389,0.5186949928352387,0.5187058144091283,0.9430395636741407,0.002973240832507433,True
A,0,A:0,26,anomaly,Hydraulic group,linear_residual,gmm,0,46204,1009,6,46,1,0.999,0.9990000216431477,0.5186949928352387,0.5187058144091283,0.9430395636741407,0.0009910802775024777,True
A,0,A:0,26,anomaly,Hydraulic group,linear_residual,gmm,0,46204,1009,6,46,6,0.95,0.9194874902605835,0.5144111403566499,0.5094161849904406,0.8625811618041728,0.035678889990089196,True
A,0,A:0,26,anomaly,Hydraulic group,linear_residual,gmm,0,46204,1009,6,46,6,0.975,0.9549817115401258,0.5144111403566499,0.5094161849904406,0.8625811618041728,0.019821605550049554,True
A,0,A:0,26,anomaly,Hydraulic group,linear_residual,gmm,0,46204,1009,6,46,6,0.99,0.9783670245000433,0.5144111403566499,0.5094161849904406,0.8625811618041728,0.009910802775024777,True
A,0,A:0,26,anomaly,Hydraulic group,linear_residual,gmm,0,46204,1009,6,46,6,0.995,0.9874434031685569,0.5144111403566499,0.5094161849904406,0.8625811618041728,0.0019821605550049554,True
A,0,A:0,26,anomaly,Hydraulic group,linear_residual,gmm,0,46204,1009,6,46,6,0.999,0.9971863907886763,0.5144111403566499,0.5094161849904406,0.8625811618041728,0.0,False
A,0,A:0,26,anomaly,Hydraulic group,linear_residual,gmm,0,46204,1009,6,46,36,0.95,0.8742533114016102,0.504518280587688,0.4939936189393717,0.7315080945372692,0.0,False
A,0,A:0,26,anomaly,Hydraulic group,linear_residual,gmm,0,46204,1009,6,46,36,0.975,0.9227231408536057,0.504518280587688,0.4939936189393717,0.7315080945372692,0.0,False
A,0,A:0,26,anomaly,Hydraulic group,linear_residual,gmm,0,46204,1009,6,46,36,0.99,0.9503722621418058,0.504518280587688,0.4939936189393717,0.7315080945372692,0.0,False
A,0,A:0,26,anomaly,Hydraulic group,linear_residual,gmm,0,46204,1009,6,46,36,0.995,0.9732707124924249,0.504518280587688,0.4939936189393717,0.7315080945372692,0.0,False
A,0,A:0,26,anomaly,Hydraulic group,linear_residual,gmm,0,46204,1009,6,46,36,0.999,0.9904229071076097,0.504518280587688,0.4939936189393717,0.7315080945372692,0.0,False
A,0,A:0,26,anomaly,Hydraulic group,linear_residual,gmm,0,46204,1009,6,46,144,0.95,0.7965376374339881,0.5368431798001176,0.5089038708759078,0.6550623322656046,0.0,False
A,0,A:0,26,anomaly,Hydraulic group,linear_residual,gmm,0,46204,1009,6,46,144,0.975,0.8613756384728595,0.5368431798001176,0.5089038708759078,0.6550623322656046,0.0,False
A,0,A:0,26,anomaly,Hydraulic group,linear_residual,gmm,0,46204,1009,6,46,144,0.99,0.9244113063803999,0.5368431798001176,0.5089038708759078,0.6550623322656046,0.0,False
A,0,A:0,26,anomaly,Hydraulic group,linear_residual,gmm,0,46204,1009,6,46,144,0.995,0.9414127564713015,0.5368431798001176,0.5089038708759078,0.6550623322656046,0.0,False
A,0,A:0,26,anomaly,Hydraulic group,linear_residual,gmm,0,46204,1009,6,46,144,0.999,0.9743312267336162,0.5368431798001176,0.5089038708759078,0.6550623322656046,0.0,False
A,0,A:0,26,anomaly,Hydraulic group,linear_residual,gmm,0,46204,1009,6,46,432,0.95,0.7556921478659857,0.5169212414217845,0.49796458957942286,0.6205847978529997,0.0,False
A,0,A:0,26,anomaly,Hydraulic group,linear_residual,gmm,0,46204,1009,6,46,432,0.975,0.7922907107609731,0.5169212414217845,0.49796458957942286,0.6205847978529997,0.0,False
A,0,A:0,26,anomaly,Hydraulic group,linear_residual,gmm,0,46204,1009,6,46,432,0.99,0.8572716647909272,0.5169212414217845,0.49796458957942286,0.6205847978529997,0.0,False
A,0,A:0,26,anomaly,Hydraulic group,linear_residual,gmm,0,46204,1009,6,46,432,0.995,0.8891870833694053,0.5169212414217845,0.49796458957942286,0.6205847978529997,0.0,False
A,0,A:0,26,anomaly,Hydraulic group,linear_residual,gmm,0,46204,1009,6,46,432,0.999,0.8987749978356853,0.5169212414217845,0.49796458957942286,0.6205847978529997,0.0,False
A,10,A:10,40,anomaly,Generator bearing failure,linear_residual,gmm,0,43081,4508,6,46,1,0.95,0.9500011606044428,0.6995197260223807,0.6995313320668087,0.9959378844502217,0.27107364685004437,True
A,10,A:10,40,anomaly,Generator bearing failure,linear_residual,gmm,0,43081,4508,6,46,1,0.975,0.9750005803022214,0.6995197260223807,0.6995313320668087,0.9959378844502217,0.19498669032830523,True
A,10,A:10,40,anomaly,Generator bearing failure,linear_residual,gmm,0,43081,4508,6,46,1,0.99,0.9900002321208885,0.6995197260223807,0.6995313320668087,0.9959378844502217,0.14973380656610472,True
A,10,A:10,40,anomaly,Generator bearing failure,linear_residual,gmm,0,43081,4508,6,46,1,0.995,0.9950001160604443,0.6995197260223807,0.6995313320668087,0.9959378844502217,0.0632209405501331,True
A,10,A:10,40,anomaly,Generator bearing failure,linear_residual,gmm,0,43081,4508,6,46,1,0.999,0.9990000232120888,0.6995197260223807,0.6995313320668087,0.9959378844502217,0.007320319432120674,True
A,10,A:10,40,anomaly,Generator bearing failure,linear_residual,gmm,0,43081,4508,6,46,6,0.95,0.9208003528237506,0.7087531453461708,0.6967764850088317,0.99521018546459,0.3149955634427684,True
A,10,A:10,40,anomaly,Generator bearing failure,linear_residual,gmm,0,43081,4508,6,46,6,0.975,0.952972307977995,0.7087531453461708,0.6967764850088317,0.99521018546459,0.24378881987577639,True
A,10,A:10,40,anomaly,Generator bearing failure,linear_residual,gmm,0,43081,4508,6,46,6,0.99,0.9774842738098002,0.7087531453461708,0.6967764850088317,0.99521018546459,0.17834960070984915,True
A,10,A:10,40,anomaly,Generator bearing failure,linear_residual,gmm,0,43081,4508,6,46,6,0.995,0.9873354843202339,0.7087531453461708,0.6967764850088317,0.99521018546459,0.1619343389529725,True
A,10,A:10,40,anomaly,Generator bearing failure,linear_residual,gmm,0,43081,4508,6,46,6,0.999,0.9959884868039274,0.7087531453461708,0.6967764850088317,0.99521018546459,0.03637976929902396,True
A,10,A:10,40,anomaly,Generator bearing failure,linear_residual,gmm,0,43081,4508,6,46,36,0.95,0.8635941598384438,0.7323754929402193,0.6993936995182122,0.9948701283628514,0.4057231588287489,True
A,10,A:10,40,anomaly,Generator bearing failure,linear_residual,gmm,0,43081,4508,6,46,36,0.975,0.9131983937234511,0.7323754929402193,0.6993936995182122,0.9948701283628514,0.31721384205856257,True
A,10,A:10,40,anomaly,Generator bearing failure,linear_residual,gmm,0,43081,4508,6,46,36,0.99,0.9467282560757643,0.7323754929402193,0.6993936995182122,0.9948701283628514,0.240905057675244,True
A,10,A:10,40,anomaly,Generator bearing failure,linear_residual,gmm,0,43081,4508,6,46,36,0.995,0.9694296789768111,0.7323754929402193,0.6993936995182122,0.9948701283628514,0.19409937888198758,True
A,10,A:10,40,anomaly,Generator bearing failure,linear_residual,gmm,0,43081,4508,6,46,36,0.999,0.9916552540563125,0.7323754929402193,0.6993936995182122,0.9948701283628514,0.11490683229813664,True
A,10,A:10,40,anomaly,Generator bearing failure,linear_residual,gmm,0,43081,4508,6,46,144,0.95,0.7569926417678327,0.764879471589052,0.700889486421103,0.9944290986745897,0.46095829636202307,True
A,10,A:10,40,anomaly,Generator bearing failure,linear_residual,gmm,0,43081,4508,6,46,144,0.975,0.8404865253824192,0.764879471589052,0.700889486421103,0.9944290986745897,0.3815439219165927,True
A,10,A:10,40,anomaly,Generator bearing failure,linear_residual,gmm,0,43081,4508,6,46,144,0.99,0.9133028481233026,0.764879471589052,0.700889486421103,0.9944290986745897,0.28970718722271516,True
A,10,A:10,40,anomaly,Generator bearing failure,linear_residual,gmm,0,43081,4508,6,46,144,0.995,0.9297254009888348,0.764879471589052,0.700889486421103,0.9944290986745897,0.27218278615794145,True
A,10,A:10,40,anomaly,Generator bearing failure,linear_residual,gmm,0,43081,4508,6,46,144,0.999,0.9828128409275538,0.764879471589052,0.700889486421103,0.9944290986745897,0.16304347826086957,True
A,10,A:10,40,anomaly,Generator bearing failure,linear_residual,gmm,0,43081,4508,6,46,432,0.95,0.7128084306306725,0.7961046047120293,0.6998517881351295,0.9942898261414546,0.41415261756876665,True
A,10,A:10,40,anomaly,Generator bearing failure,linear_residual,gmm,0,43081,4508,6,46,432,0.975,0.8092894779601216,0.7961046047120293,0.6998517881351295,0.9942898261414546,0.29991126885536823,True
A,10,A:10,40,anomaly,Generator bearing failure,linear_residual,gmm,0,43081,4508,6,46,432,0.99,0.8691650611638542,0.7961046047120293,0.6998517881351295,0.9942898261414546,0.2877107364685004,True
A,10,A:10,40,anomaly,Generator bearing failure,linear_residual,gmm,0,43081,4508,6,46,432,0.995,0.8888164155892389,0.7961046047120293,0.6998517881351295,0.9942898261414546,0.28615794143744455,True
A,10,A:10,40,anomaly,Generator bearing failure,linear_residual,gmm,0,43081,4508,6,46,432,0.999,0.9000951695643091,0.7961046047120293,0.6998517881351295,0.9942898261414546,0.2852706299911269,True
A,10,A:10,42,anomaly,Hydraulic group,linear_residual,gmm,0,45600,1007,6,46,1,0.95,0.9500010964912279,0.565955798445966,0.5659667633582467,0.9955241228070175,0.1519364448857994,True
A,10,A:10,42,anomaly,Hydraulic group,linear_residual,gmm,0,45600,1007,6,46,1,0.975,0.975000548245614,0.565955798445966,0.5659667633582467,0.9955241228070175,0.11519364448857994,True
A,10,A:10,42,anomaly,Hydraulic group,linear_residual,gmm,0,45600,1007,6,46,1,0.99,0.9900002192982457,0.565955798445966,0.5659667633582467,0.9955241228070175,0.07944389275074479,True
A,10,A:10,42,anomaly,Hydraulic group,linear_residual,gmm,0,45600,1007,6,46,1,0.995,0.9950001096491228,0.565955798445966,0.5659667633582467,0.9955241228070175,0.05561072492552135,True
A,10,A:10,42,anomaly,Hydraulic group,linear_residual,gmm,0,45600,1007,6,46,1,0.999,0.9990000219298245,0.565955798445966,0.5659667633582467,0.9955241228070175,0.005958291956305859,True
A,10,A:10,42,anomaly,Hydraulic group,linear_residual,gmm,0,45600,1007,6,46,6,0.95,0.910625,0.5738127515287723,0.5660882158225752,0.9952149122807017,0.17378351539225423,True
A,10,A:10,42,anomaly,Hydraulic group,linear_residual,gmm,0,45600,1007,6,46,6,0.975,0.945671600877193,0.5738127515287723,0.5660882158225752,0.9952149122807017,0.13108242303872888,True
A,10,A:10,42,anomaly,Hydraulic group,linear_residual,gmm,0,45600,1007,6,46,6,0.99,0.9733771929824562,0.5738127515287723,0.5660882158225752,0.9952149122807017,0.10724925521350546,True
A,10,A:10,42,anomaly,Hydraulic group,linear_residual,gmm,0,45600,1007,6,46,6,0.995,0.987730317982456,0.5738127515287723,0.5660882158225752,0.9952149122807017,0.07944389275074479,True
A,10,A:10,42,anomaly,Hydraulic group,linear_residual,gmm,0,45600,1007,6,46,6,0.999,0.9967478179824562,0.5738127515287723,0.5660882158225752,0.9952149122807017,0.033763654419066536,True
A,10,A:10,42,anomaly,Hydraulic group,linear_residual,gmm,0,45600,1007,6,46,36,0.95,0.8419978070175437,0.5805827736545933,0.5646278463039426,0.9940690789473684,0.19761668321747766,True
A,10,A:10,42,anomaly,Hydraulic group,linear_residual,gmm,0,45600,1007,6,46,36,0.975,0.8900548245614035,0.5805827736545933,0.5646278463039426,0.9940690789473684,0.16385302879841113,True
A,10,A:10,42,anomaly,Hydraulic group,linear_residual,gmm,0,45600,1007,6,46,36,0.99,0.9295407894736845,0.5805827736545933,0.5646278463039426,0.9940690789473684,0.11320754716981132,True
A,10,A:10,42,anomaly,Hydraulic group,linear_residual,gmm,0,45600,1007,6,46,36,0.995,0.9597599232456134,0.5805827736545933,0.5646278463039426,0.9940690789473684,0.10824230387288977,True
A,10,A:10,42,anomaly,Hydraulic group,linear_residual,gmm,0,45600,1007,6,46,36,0.999,0.9894276535087719,0.5805827736545933,0.5646278463039426,0.9940690789473684,0.06256206554121152,True
A,10,A:10,42,anomaly,Hydraulic group,linear_residual,gmm,0,45600,1007,6,46,144,0.95,0.7728070175438597,0.5982999812714507,0.5675699162877402,0.8993421052631578,0.1708043694141013,True
A,10,A:10,42,anomaly,Hydraulic group,linear_residual,gmm,0,45600,1007,6,46,144,0.975,0.8202308114035087,0.5982999812714507,0.5675699162877402,0.8993421052631578,0.15888778550148958,True
A,10,A:10,42,anomaly,Hydraulic group,linear_residual,gmm,0,45600,1007,6,46,144,0.99,0.8623274122807023,0.5982999812714507,0.5675699162877402,0.8993421052631578,0.09930486593843098,True
A,10,A:10,42,anomaly,Hydraulic group,linear_residual,gmm,0,45600,1007,6,46,144,0.995,0.891655701754386,0.5982999812714507,0.5675699162877402,0.8993421052631578,0.07845084409136048,True
A,10,A:10,42,anomaly,Hydraulic group,linear_residual,gmm,0,45600,1007,6,46,144,0.999,0.9331030701754386,0.5982999812714507,0.5675699162877402,0.8993421052631578,0.036742800397219465,True
A,10,A:10,42,anomaly,Hydraulic group,linear_residual,gmm,0,45600,1007,6,46,432,0.95,0.7314802631578947,0.7362768841791669,0.588631574591892,0.6669407894736843,0.0,False
A,10,A:10,42,anomaly,Hydraulic group,linear_residual,gmm,0,45600,1007,6,46,432,0.975,0.7691885964912281,0.7362768841791669,0.588631574591892,0.6669407894736843,0.0,False
A,10,A:10,42,anomaly,Hydraulic group,linear_residual,gmm,0,45600,1007,6,46,432,0.99,0.8023464912280702,0.7362768841791669,0.588631574591892,0.6669407894736843,0.0,False
A,10,A:10,42,anomaly,Hydraulic group,linear_residual,gmm,0,45600,1007,6,46,432,0.995,0.8176425438596491,0.7362768841791669,0.588631574591892,0.6669407894736843,0.0,False
A,10,A:10,42,anomaly,Hydraulic group,linear_residual,gmm,0,45600,1007,6,46,432,0.999,0.9491146710526303,0.7362768841791669,0.588631574591892,0.6669407894736843,0.0,False
A,10,A:10,10,anomaly,Gearbox failure,linear_residual,gmm,0,45171,981,6,46,1,0.95,0.9500011069048726,0.5399944927815472,0.5400055618302732,0.9916317991631799,0.09887869520897044,True
A,10,A:10,10,anomaly,Gearbox failure,linear_residual,gmm,0,45171,981,6,46,1,0.975,0.9750005534524363,0.5399944927815472,0.5400055618302732,0.9916317991631799,0.0744138634046891,True
A,10,A:10,10,anomaly,Gearbox failure,linear_residual,gmm,0,45171,981,6,46,1,0.99,0.9900002213809747,0.5399944927815472,0.5400055618302732,0.9916317991631799,0.05504587155963303,True
A,10,A:10,10,anomaly,Gearbox failure,linear_residual,gmm,0,45171,981,6,46,1,0.995,0.9950001106904873,0.5399944927815472,0.5400055618302732,0.9916317991631799,0.022426095820591234,True
A,10,A:10,10,anomaly,Gearbox failure,linear_residual,gmm,0,45171,981,6,46,1,0.999,0.9990000221380975,0.5399944927815472,0.5400055618302732,0.9916317991631799,0.0020387359836901123,True
A,10,A:10,10,anomaly,Gearbox failure,linear_residual,gmm,0,45171,981,6,46,6,0.95,0.9111487458767793,0.536628193090517,0.5331830898966304,0.9903035133160656,0.09378185524974515,True
A,10,A:10,10,anomaly,Gearbox failure,linear_residual,gmm,0,45171,981,6,46,6,0.975,0.9461573797347855,0.536628193090517,0.5331830898966304,0.9903035133160656,0.07849133537206932,True
A,10,A:10,10,anomaly,Gearbox failure,linear_residual,gmm,0,45171,981,6,46,6,0.99,0.9738781519116253,0.536628193090517,0.5331830898966304,0.9903035133160656,0.0581039755351682,True
A,10,A:10,10,anomaly,Gearbox failure,linear_residual,gmm,0,45171,981,6,46,6,0.995,0.9865887405636362,0.536628193090517,0.5331830898966304,0.9903035133160656,0.053007135575942915,True
A,10,A:10,10,anomaly,Gearbox failure,linear_residual,gmm,0,45171,981,6,46,6,0.999,0.9966350091873104,0.536628193090517,0.5331830898966304,0.9903035133160656,0.0,False
A,10,A:10,10,anomaly,Gearbox failure,linear_residual,gmm,0,45171,981,6,46,36,0.95,0.8505401695778264,0.5136751947537629,0.5124794779723786,0.9892076774921963,0.08154943934760449,True
A,10,A:10,10,anomaly,Gearbox failure,linear_residual,gmm,0,45171,981,6,46,36,0.975,0.8954417657346527,0.5136751947537629,0.5124794779723786,0.9892076774921963,0.07747196738022426,True
A,10,A:10,10,anomaly,Gearbox failure,linear_residual,gmm,0,45171,981,6,46,36,0.99,0.9325894932589494,0.5136751947537629,0.5124794779723786,0.9892076774921963,0.07339449541284404,True
A,10,A:10,10,anomaly,Gearbox failure,linear_residual,gmm,0,45171,981,6,46,36,0.995,0.9618339199929158,0.5136751947537629,0.5124794779723786,0.9892076774921963,0.07135575942915393,True
A,10,A:10,10,anomaly,Gearbox failure,linear_residual,gmm,0,45171,981,6,46,36,0.999,0.9875583892320294,0.5136751947537629,0.5124794779723786,0.9892076774921963,0.0672782874617737,True
A,10,A:10,10,anomaly,Gearbox failure,linear_residual,gmm,0,45171,981,6,46,144,0.95,0.7810984923955635,0.5133119471639214,0.517961477950218,0.9172035155298753,0.10805300713557595,True
A,10,A:10,10,anomaly,Gearbox failure,linear_residual,gmm,0,45171,981,6,46,144,0.975,0.8246136901994643,0.5133119471639214,0.517961477950218,0.9172035155298753,0.09785932721712538,True
A,10,A:10,10,anomaly,Gearbox failure,linear_residual,gmm,0,45171,981,6,46,144,0.99,0.8668891545460597,0.5133119471639214,0.517961477950218,0.9172035155298753,0.08766564729867482,True
A,10,A:10,10,anomaly,Gearbox failure,linear_residual,gmm,0,45171,981,6,46,144,0.995,0.9009126430674563,0.5133119471639214,0.517961477950218,0.9172035155298753,0.08053007135575943,True
A,10,A:10,10,anomaly,Gearbox failure,linear_residual,gmm,0,45171,981,6,46,144,0.999,0.9253281972947245,0.5133119471639214,0.517961477950218,0.9172035155298753,0.046890927624872576,True
A,10,A:10,10,anomaly,Gearbox failure,linear_residual,gmm,0,45171,981,6,46,432,0.95,0.7421354408802108,0.6092099201875325,0.5376223764577378,0.6534723605853313,0.0,False
A,10,A:10,10,anomaly,Gearbox failure,linear_residual,gmm,0,45171,981,6,46,432,0.975,0.7759956609328995,0.6092099201875325,0.5376223764577378,0.6534723605853313,0.0,False
A,10,A:10,10,anomaly,Gearbox failure,linear_residual,gmm,0,45171,981,6,46,432,0.99,0.8080848331894357,0.6092099201875325,0.5376223764577378,0.6534723605853313,0.0,False
A,10,A:10,10,anomaly,Gearbox failure,linear_residual,gmm,0,45171,981,6,46,432,0.995,0.8272453565340594,0.6092099201875325,0.5376223764577378,0.6534723605853313,0.0,False
A,10,A:10,10,anomaly,Gearbox failure,linear_residual,gmm,0,45171,981,6,46,432,0.999,0.9417542228420892,0.6092099201875325,0.5376223764577378,0.6534723605853313,0.0,False
A,13,A:13,45,anomaly,Hydraulic group,linear_residual,gmm,0,49309,1008,6,46,1,0.95,0.9500010140136689,0.633611792753633,0.6336219328903221,0.997924314019753,0.2728174603174603,True
A,13,A:13,45,anomaly,Hydraulic group,linear_residual,gmm,0,49309,1008,6,46,1,0.975,0.9750005070068344,0.633611792753633,0.6336219328903221,0.997924314019753,0.23412698412698413,True
A,13,A:13,45,anomaly,Hydraulic group,linear_residual,gmm,0,49309,1008,6,46,1,0.99,0.9900002028027337,0.633611792753633,0.6336219328903221,0.997924314019753,0.18154761904761904,True
A,13,A:13,45,anomaly,Hydraulic group,linear_residual,gmm,0,49309,1008,6,46,1,0.995,0.9950001014013669,0.633611792753633,0.6336219328903221,0.997924314019753,0.12301587301587301,True
A,13,A:13,45,anomaly,Hydraulic group,linear_residual,gmm,0,49309,1008,6,46,1,0.999,0.9990000202802733,0.633611792753633,0.6336219328903221,0.997924314019753,0.011904761904761904,True
A,13,A:13,45,anomaly,Hydraulic group,linear_residual,gmm,0,49309,1008,6,46,6,0.95,0.9140988460524447,0.6347278314883114,0.6349589722826607,0.9970187998134215,0.29662698412698413,True
A,13,A:13,45,anomaly,Hydraulic group,linear_residual,gmm,0,49309,1008,6,46,6,0.975,0.948295443022572,0.6347278314883114,0.6349589722826607,0.9970187998134215,0.25595238095238093,True
A,13,A:13,45,anomaly,Hydraulic group,linear_residual,gmm,0,49309,1008,6,46,6,0.99,0.9722196759212312,0.6347278314883114,0.6349589722826607,0.9970187998134215,0.23214285714285715,True
A,13,A:13,45,anomaly,Hydraulic group,linear_residual,gmm,0,49309,1008,6,46,6,0.995,0.9839489748321804,0.6347278314883114,0.6349589722826607,0.9970187998134215,0.20238095238095238,True
A,13,A:13,45,anomaly,Hydraulic group,linear_residual,gmm,0,49309,1008,6,46,6,0.999,0.995315216289116,0.6347278314883114,0.6349589722826607,0.9970187998134215,0.10515873015873016,True
A,13,A:13,45,anomaly,Hydraulic group,linear_residual,gmm,0,49309,1008,6,46,36,0.95,0.8450181508446734,0.6485884024359506,0.6484265123370053,0.9960585288689692,0.32043650793650796,True
A,13,A:13,45,anomaly,Hydraulic group,linear_residual,gmm,0,49309,1008,6,46,36,0.975,0.886126264982052,0.6485884024359506,0.6484265123370053,0.9960585288689692,0.31547619047619047,True
A,13,A:13,45,anomaly,Hydraulic group,linear_residual,gmm,0,49309,1008,6,46,36,0.99,0.9224437729420589,0.6485884024359506,0.6484265123370053,0.9960585288689692,0.2926587301587302,True
A,13,A:13,45,anomaly,Hydraulic group,linear_residual,gmm,0,49309,1008,6,46,36,0.995,0.9516721085400232,0.6485884024359506,0.6484265123370053,0.9960585288689692,0.25396825396825395,True
A,13,A:13,45,anomaly,Hydraulic group,linear_residual,gmm,0,49309,1008,6,46,36,0.999,0.9787868340465229,0.6485884024359506,0.6484265123370053,0.9960585288689692,0.16964285714285715,True
A,13,A:13,45,anomaly,Hydraulic group,linear_residual,gmm,0,49309,1008,6,46,144,0.95,0.7606704658378792,0.639765839698281,0.6261951177173297,0.9924253178932851,0.2906746031746032,True
A,13,A:13,45,anomaly,Hydraulic group,linear_residual,gmm,0,49309,1008,6,46,144,0.975,0.7980723600154129,0.639765839698281,0.6261951177173297,0.9924253178932851,0.2748015873015873,True
A,13,A:13,45,anomaly,Hydraulic group,linear_residual,gmm,0,49309,1008,6,46,144,0.99,0.8317649921920948,0.639765839698281,0.6261951177173297,0.9924253178932851,0.2628968253968254,True
A,13,A:13,45,anomaly,Hydraulic group,linear_residual,gmm,0,49309,1008,6,46,144,0.995,0.8651603155610538,0.639765839698281,0.6261951177173297,0.9924253178932851,0.251984126984127,True
A,13,A:13,45,anomaly,Hydraulic group,linear_residual,gmm,0,49309,1008,6,46,144,0.999,0.9541361617554605,0.639765839698281,0.6261951177173297,0.9924253178932851,0.18551587301587302,True
A,13,A:13,45,anomaly,Hydraulic group,linear_residual,gmm,0,49309,1008,6,46,432,0.95,0.6956032367316312,0.7159541792170978,0.6452032767449325,0.9471587336997302,0.36706349206349204,True
A,13,A:13,45,anomaly,Hydraulic group,linear_residual,gmm,0,49309,1008,6,46,432,0.975,0.7473949988845848,0.7159541792170978,0.6452032767449325,0.9471587336997302,0.3194444444444444,True
A,13,A:13,45,anomaly,Hydraulic group,linear_residual,gmm,0,49309,1008,6,46,432,0.99,0.7734287858200328,0.7159541792170978,0.6452032767449325,0.9471587336997302,0.2976190476190476,True
A,13,A:13,45,anomaly,Hydraulic group,linear_residual,gmm,0,49309,1008,6,46,432,0.995,0.7822018292806584,0.7159541792170978,0.6452032767449325,0.9471587336997302,0.29365079365079366,True
A,13,A:13,45,anomaly,Hydraulic group,linear_residual,gmm,0,49309,1008,6,46,432,0.999,0.7916576284248312,0.7159541792170978,0.6452032767449325,0.9471587336997302,0.2867063492063492,True
A,13,A:13,84,anomaly,Hydraulic group,linear_residual,gmm,0,46754,1005,6,46,1,0.95,0.9500010694272147,0.5416520830845983,0.5416627773567462,0.9931428326988065,0.1263681592039801,True
A,13,A:13,84,anomaly,Hydraulic group,linear_residual,gmm,0,46754,1005,6,46,1,0.975,0.9750005347136073,0.5416520830845983,0.5416627773567462,0.9931428326988065,0.09950248756218906,True
A,13,A:13,84,anomaly,Hydraulic group,linear_residual,gmm,0,46754,1005,6,46,1,0.99,0.990000213885443,0.5416520830845983,0.5416627773567462,0.9931428326988065,0.06965174129353234,True
A,13,A:13,84,anomaly,Hydraulic group,linear_residual,gmm,0,46754,1005,6,46,1,0.995,0.9950001069427216,0.5416520830845983,0.5416627773567462,0.9931428326988065,0.03482587064676617,True
A,13,A:13,84,anomaly,Hydraulic group,linear_residual,gmm,0,46754,1005,6,46,1,0.999,0.9990000213885444,0.5416520830845983,0.5416627773567462,0.9931428326988065,0.015920398009950248,True
A,13,A:13,84,anomaly,Hydraulic group,linear_residual,gmm,0,46754,1005,6,46,6,0.95,0.9072806604782478,0.5433810861847668,0.5414101158663202,0.9924990375155067,0.1253731343283582,True
A,13,A:13,84,anomaly,Hydraulic group,linear_residual,gmm,0,46754,1005,6,46,6,0.975,0.9443526222355305,0.5433810861847668,0.5414101158663202,0.9924990375155067,0.10646766169154229,True
A,13,A:13,84,anomaly,Hydraulic group,linear_residual,gmm,0,46754,1005,6,46,6,0.99,0.9718689310005563,0.5433810861847668,0.5414101158663202,0.9924990375155067,0.09154228855721393,True
A,13,A:13,84,anomaly,Hydraulic group,linear_residual,gmm,0,46754,1005,6,46,6,0.995,0.9857017581383412,0.5433810861847668,0.5414101158663202,0.9924990375155067,0.08159203980099503,True
A,13,A:13,84,anomaly,Hydraulic group,linear_residual,gmm,0,46754,1005,6,46,6,0.999,0.9965697801257647,0.5433810861847668,0.5414101158663202,0.9924990375155067,0.015920398009950248,True
A,13,A:13,84,anomaly,Hydraulic group,linear_residual,gmm,0,46754,1005,6,46,36,0.95,0.8375112289857551,0.5361581002886495,0.534154387407617,0.9886127390169825,0.10348258706467661,True
A,13,A:13,84,anomaly,Hydraulic group,linear_residual,gmm,0,46754,1005,6,46,36,0.975,0.8763137913333617,0.5361581002886495,0.534154387407617,0.9886127390169825,0.09253731343283582,True
A,13,A:13,84,anomaly,Hydraulic group,linear_residual,gmm,0,46754,1005,6,46,36,0.99,0.9218890362321941,0.5361581002886495,0.534154387407617,0.9886127390169825,0.08756218905472637,True
A,13,A:13,84,anomaly,Hydraulic group,linear_residual,gmm,0,46754,1005,6,46,36,0.995,0.9449993583436711,0.5361581002886495,0.534154387407617,0.9886127390169825,0.08059701492537313,True
A,13,A:13,84,anomaly,Hydraulic group,linear_residual,gmm,0,46754,1005,6,46,36,0.999,0.9873672947769176,0.5361581002886495,0.534154387407617,0.9886127390169825,0.06467661691542288,True
A,13,A:13,84,anomaly,Hydraulic group,linear_residual,gmm,0,46754,1005,6,46,144,0.95,0.760031761988279,0.5214718319256266,0.5175982069376777,0.846612054583565,0.09253731343283582,True
A,13,A:13,84,anomaly,Hydraulic group,linear_residual,gmm,0,46754,1005,6,46,144,0.975,0.815959597039825,0.5214718319256266,0.5175982069376777,0.846612054583565,0.07860696517412935,True
A,13,A:13,84,anomaly,Hydraulic group,linear_residual,gmm,0,46754,1005,6,46,144,0.99,0.8540659622706078,0.5214718319256266,0.5175982069376777,0.846612054583565,0.04776119402985075,True
A,13,A:13,84,anomaly,Hydraulic group,linear_residual,gmm,0,46754,1005,6,46,144,0.995,0.8676049108097703,0.5214718319256266,0.5175982069376777,0.846612054583565,0.009950248756218905,True
A,13,A:13,84,anomaly,Hydraulic group,linear_residual,gmm,0,46754,1005,6,46,144,0.999,0.8983616375069513,0.5214718319256266,0.5175982069376777,0.846612054583565,0.0,False
A,13,A:13,84,anomaly,Hydraulic group,linear_residual,gmm,0,46754,1005,6,46,432,0.95,0.7185481456132096,0.45273564802075095,0.47677572270401425,0.5711853531248663,0.0,False
A,13,A:13,84,anomaly,Hydraulic group,linear_residual,gmm,0,46754,1005,6,46,432,0.975,0.762309107242161,0.45273564802075095,0.47677572270401425,0.5711853531248663,0.0,False
A,13,A:13,84,anomaly,Hydraulic group,linear_residual,gmm,0,46754,1005,6,46,432,0.99,0.7905090473542374,0.45273564802075095,0.47677572270401425,0.5711853531248663,0.0,False
A,13,A:13,84,anomaly,Hydraulic group,linear_residual,gmm,0,46754,1005,6,46,432,0.995,0.798588463019207,0.45273564802075095,0.47677572270401425,0.5711853531248663,0.0,False
A,13,A:13,84,anomaly,Hydraulic group,linear_residual,gmm,0,46754,1005,6,46,432,0.999,0.8167643410189502,0.45273564802075095,0.47677572270401425,0.5711853531248663,0.0,False
A,11,A:11,25,normal,,linear_residual,gmm,0,49844,2423,6,46,1,0.95,0.9500010031297648,0.4156779345532473,0.415687965850896,0.8900790466254715,0.014857614527445316,True
A,11,A:11,25,normal,,linear_residual,gmm,0,49844,2423,6,46,1,0.975,0.9750005015648823,0.4156779345532473,0.415687965850896,0.8900790466254715,0.007841518778373916,True
A,11,A:11,25,normal,,linear_residual,gmm,0,49844,2423,6,46,1,0.99,0.990000200625953,0.4156779345532473,0.415687965850896,0.8900790466254715,0.002888980602558811,True
A,11,A:11,25,normal,,linear_residual,gmm,0,49844,2423,6,46,1,0.995,0.9950001003129764,0.4156779345532473,0.415687965850896,0.8900790466254715,0.0020635575732562937,True
A,11,A:11,25,normal,,linear_residual,gmm,0,49844,2423,6,46,1,0.999,0.9990000200625953,0.4156779345532473,0.415687965850896,0.8900790466254715,0.0004127115146512588,True
A,11,A:11,25,normal,,linear_residual,gmm,0,49844,2423,6,46,6,0.95,0.9124182449241631,0.40528130805670437,0.4074329779320063,0.8192661102640237,0.011143210895583986,True
A,11,A:11,25,normal,,linear_residual,gmm,0,49844,2423,6,46,6,0.975,0.9475563758927855,0.40528130805670437,0.4074329779320063,0.8192661102640237,0.006603384234420141,True
A,11,A:11,25,normal,,linear_residual,gmm,0,49844,2423,6,46,6,0.99,0.9722133055132012,0.40528130805670437,0.4074329779320063,0.8192661102640237,0.0016508460586050352,True
A,11,A:11,25,normal,,linear_residual,gmm,0,49844,2423,6,46,6,0.995,0.9821643527806757,0.40528130805670437,0.4074329779320063,0.8192661102640237,0.0012381345439537762,True
A,11,A:11,25,normal,,linear_residual,gmm,0,49844,2423,6,46,6,0.999,0.99489406949683,0.40528130805670437,0.4074329779320063,0.8192661102640237,0.0,False
A,11,A:11,25,normal,,linear_residual,gmm,0,49844,2423,6,46,36,0.95,0.8356055894390498,0.35365171775063253,0.37697713440428565,0.633416258727229,0.0,False
A,11,A:11,25,normal,,linear_residual,gmm,0,49844,2423,6,46,36,0.975,0.8888130968622101,0.35365171775063253,0.37697713440428565,0.633416258727229,0.0,False
A,11,A:11,25,normal,,linear_residual,gmm,0,49844,2423,6,46,36,0.99,0.9379848126153598,0.35365171775063253,0.37697713440428565,0.633416258727229,0.0,False
A,11,A:11,25,normal,,linear_residual,gmm,0,49844,2423,6,46,36,0.995,0.9573168285049354,0.35365171775063253,0.37697713440428565,0.633416258727229,0.0,False
A,11,A:11,25,normal,,linear_residual,gmm,0,49844,2423,6,46,36,0.999,0.9831674825455421,0.35365171775063253,0.37697713440428565,0.633416258727229,0.0,False
A,11,A:11,25,normal,,linear_residual,gmm,0,49844,2423,6,46,144,0.95,0.7567310007222534,0.27712401611724413,0.36797303666680653,0.5323609662145895,0.0,False
A,11,A:11,25,normal,,linear_residual,gmm,0,49844,2423,6,46,144,0.975,0.8084854746810032,0.27712401611724413,0.36797303666680653,0.5323609662145895,0.0,False
A,11,A:11,25,normal,,linear_residual,gmm,0,49844,2423,6,46,144,0.99,0.8520584222775058,0.27712401611724413,0.36797303666680653,0.5323609662145895,0.0,False
A,11,A:11,25,normal,,linear_residual,gmm,0,49844,2423,6,46,144,0.995,0.9006299654923361,0.27712401611724413,0.36797303666680653,0.5323609662145895,0.0,False
A,11,A:11,25,normal,,linear_residual,gmm,0,49844,2423,6,46,144,0.999,0.9350172538319557,0.27712401611724413,0.36797303666680653,0.5323609662145895,0.0,False
A,11,A:11,25,normal,,linear_residual,gmm,0,49844,2423,6,46,432,0.95,0.7094534949041007,0.245497197645428,0.3884066492160452,0.5563157049995987,0.0,False
A,11,A:11,25,normal,,linear_residual,gmm,0,49844,2423,6,46,432,0.975,0.7439466134339136,0.245497197645428,0.3884066492160452,0.5563157049995987,0.0,False
A,11,A:11,25,normal,,linear_residual,gmm,0,49844,2423,6,46,432,0.99,0.8032561592167562,0.245497197645428,0.3884066492160452,0.5563157049995987,0.0,False
A,11,A:11,25,normal,,linear_residual,gmm,0,49844,2423,6,46,432,0.995,0.8359744904100784,0.245497197645428,0.3884066492160452,0.5563157049995987,0.0,False
A,11,A:11,25,normal,,linear_residual,gmm,0,49844,2423,6,46,432,0.999,0.943604044619212,0.245497197645428,0.3884066492160452,0.5563157049995987,0.0,False
A,11,A:11,69,normal,,linear_residual,gmm,0,49782,2593,6,46,1,0.95,0.9500010043790927,0.4926747917487929,0.4926848355397214,0.9458760194447793,0.043964519861164675,True
A,11,A:11,69,normal,,linear_residual,gmm,0,49782,2593,6,46,1,0.975,0.9750005021895464,0.4926747917487929,0.4926848355397214,0.9458760194447793,0.023139220979560355,True
A,11,A:11,69,normal,,linear_residual,gmm,0,49782,2593,6,46,1,0.99,0.9900002008758186,0.4926747917487929,0.4926848355397214,0.9458760194447793,0.006170458927882761,True
A,11,A:11,69,normal,,linear_residual,gmm,0,49782,2593,6,46,1,0.995,0.9950001004379093,0.4926747917487929,0.4926848355397214,0.9458760194447793,0.003470883146934053,True
A,11,A:11,69,normal,,linear_residual,gmm,0,49782,2593,6,46,1,0.999,0.9990000200875818,0.4926747917487929,0.4926848355397214,0.9458760194447793,0.0,False
A,11,A:11,69,normal,,linear_residual,gmm,0,49782,2593,6,46,6,0.95,0.9075167731308504,0.49641213554576546,0.48861581423661227,0.9111586517215058,0.0520632472040108,True
A,11,A:11,69,normal,,linear_residual,gmm,0,49782,2593,6,46,6,0.975,0.9419606986460969,0.49641213554576546,0.48861581423661227,0.9111586517215058,0.025067489394523718,True
A,11,A:11,69,normal,,linear_residual,gmm,0,49782,2593,6,46,6,0.99,0.9694534168976742,0.49641213554576546,0.48861581423661227,0.9111586517215058,0.0030852294639413806,True
A,11,A:11,69,normal,,linear_residual,gmm,0,49782,2593,6,46,6,0.995,0.9812936402715843,0.49641213554576546,0.48861581423661227,0.9111586517215058,0.0,False
A,11,A:11,69,normal,,linear_residual,gmm,0,49782,2593,6,46,6,0.999,0.9958418705556225,0.49641213554576546,0.48861581423661227,0.9111586517215058,0.0,False
A,11,A:11,69,normal,,linear_residual,gmm,0,49782,2593,6,46,36,0.95,0.841800249086015,0.4860760249822275,0.4725959638323128,0.8635048812823912,0.057848052448900886,True
A,11,A:11,69,normal,,linear_residual,gmm,0,49782,2593,6,46,36,0.975,0.8960060865373026,0.4860760249822275,0.4725959638323128,0.8635048812823912,0.036251446201311224,True
A,11,A:11,69,normal,,linear_residual,gmm,0,49782,2593,6,46,36,0.99,0.9319734040416214,0.4860760249822275,0.4725959638323128,0.8635048812823912,0.0038565368299267257,True
A,11,A:11,69,normal,,linear_residual,gmm,0,49782,2593,6,46,36,0.995,0.9452211642762445,0.4860760249822275,0.4725959638323128,0.8635048812823912,0.0,False
A,11,A:11,69,normal,,linear_residual,gmm,0,49782,2593,6,46,36,0.999,0.9675322405688798,0.4860760249822275,0.4725959638323128,0.8635048812823912,0.0,False
A,11,A:11,69,normal,,linear_residual,gmm,0,49782,2593,6,46,144,0.95,0.7805431682134105,0.5047454723651812,0.47969828746431237,0.7720461210879435,0.048592364057076745,True
A,11,A:11,69,normal,,linear_residual,gmm,0,49782,2593,6,46,144,0.975,0.8275380659676188,0.5047454723651812,0.47969828746431237,0.7720461210879435,0.03702275356729657,True
A,11,A:11,69,normal,,linear_residual,gmm,0,49782,2593,6,46,144,0.99,0.88441605399542,0.5047454723651812,0.47969828746431237,0.7720461210879435,0.0,False
A,11,A:11,69,normal,,linear_residual,gmm,0,49782,2593,6,46,144,0.995,0.9005463822265076,0.5047454723651812,0.47969828746431237,0.7720461210879435,0.0,False
A,11,A:11,69,normal,,linear_residual,gmm,0,49782,2593,6,46,144,0.999,0.9351171106022257,0.5047454723651812,0.47969828746431237,0.7720461210879435,0.0,False
A,11,A:11,69,normal,,linear_residual,gmm,0,49782,2593,6,46,432,0.95,0.7347937005343297,0.5634475104358977,0.4953867586161977,0.6555783214816601,0.0,False
A,11,A:11,69,normal,,linear_residual,gmm,0,49782,2593,6,46,432,0.975,0.7789108010927644,0.5634475104358977,0.4953867586161977,0.6555783214816601,0.0,False
A,11,A:11,69,normal,,linear_residual,gmm,0,49782,2593,6,46,432,0.99,0.807714937125869,0.5634475104358977,0.4953867586161977,0.6555783214816601,0.0,False
A,11,A:11,69,normal,,linear_residual,gmm,0,49782,2593,6,46,432,0.995,0.8354525732192359,0.5634475104358977,0.4953867586161977,0.6555783214816601,0.0,False
A,11,A:11,69,normal,,linear_residual,gmm,0,49782,2593,6,46,432,0.999,0.8442308464906995,0.5634475104358977,0.4953867586161977,0.6555783214816601,0.0,False
A,21,A:21,13,normal,,linear_residual,gmm,0,40642,3583,6,46,1,0.95,0.9500012302544165,0.47797558576419774,0.47798788830836375,0.9144604104128733,0.026514094334356683,True
A,21,A:21,13,normal,,linear_residual,gmm,0,40642,3583,6,46,1,0.975,0.9750006151272083,0.47797558576419774,0.47798788830836375,0.9144604104128733,0.009489254814401339,True
A,21,A:21,13,normal,,linear_residual,gmm,0,40642,3583,6,46,1,0.99,0.9900002460508832,0.47797558576419774,0.47798788830836375,0.9144604104128733,0.0016745743790120011,True
A,21,A:21,13,normal,,linear_residual,gmm,0,40642,3583,6,46,1,0.995,0.9950001230254416,0.47797558576419774,0.47798788830836375,0.9144604104128733,0.0008372871895060006,True
A,21,A:21,13,normal,,linear_residual,gmm,0,40642,3583,6,46,1,0.999,0.9990000246050882,0.47797558576419774,0.47798788830836375,0.9144604104128733,0.0,False
A,21,A:21,13,normal,,linear_residual,gmm,0,40642,3583,6,46,6,0.95,0.914483785246789,0.4692338572937565,0.4701541548956991,0.8562484621819787,0.01981579681830868,True
A,21,A:21,13,normal,,linear_residual,gmm,0,40642,3583,6,46,6,0.975,0.9508993159785443,0.4692338572937565,0.4701541548956991,0.8562484621819787,0.008093776165224673,True
A,21,A:21,13,normal,,linear_residual,gmm,0,40642,3583,6,46,6,0.99,0.9775970670734708,0.4692338572937565,0.4701541548956991,0.8562484621819787,0.0,False
A,21,A:21,13,normal,,linear_residual,gmm,0,40642,3583,6,46,6,0.995,0.9861864573593818,0.4692338572937565,0.4701541548956991,0.8562484621819787,0.0,False
A,21,A:21,13,normal,,linear_residual,gmm,0,40642,3583,6,46,6,0.999,0.9946767875596668,0.4692338572937565,0.4701541548956991,0.8562484621819787,0.0,False
A,21,A:21,13,normal,,linear_residual,gmm,0,40642,3583,6,46,36,0.95,0.8515698046355986,0.45643189095233616,0.46130342375512157,0.7467238324885572,0.0,False
A,21,A:21,13,normal,,linear_residual,gmm,0,40642,3583,6,46,36,0.975,0.8994020963535259,0.45643189095233616,0.46130342375512157,0.7467238324885572,0.0,False
A,21,A:21,13,normal,,linear_residual,gmm,0,40642,3583,6,46,36,0.99,0.9453151911815363,0.45643189095233616,0.46130342375512157,0.7467238324885572,0.0,False
A,21,A:21,13,normal,,linear_residual,gmm,0,40642,3583,6,46,36,0.995,0.9630536144874754,0.45643189095233616,0.46130342375512157,0.7467238324885572,0.0,False
A,21,A:21,13,normal,,linear_residual,gmm,0,40642,3583,6,46,36,0.999,0.9896166527237833,0.45643189095233616,0.46130342375512157,0.7467238324885572,0.0,False
A,21,A:21,13,normal,,linear_residual,gmm,0,40642,3583,6,46,144,0.95,0.7679002017617244,0.4249404337799474,0.4520214202848084,0.6534127257516855,0.0,False
A,21,A:21,13,normal,,linear_residual,gmm,0,40642,3583,6,46,144,0.975,0.8310614635106539,0.4249404337799474,0.4520214202848084,0.6534127257516855,0.0,False
A,21,A:21,13,normal,,linear_residual,gmm,0,40642,3583,6,46,144,0.99,0.907049726883517,0.4249404337799474,0.4520214202848084,0.6534127257516855,0.0,False
A,21,A:21,13,normal,,linear_residual,gmm,0,40642,3583,6,46,144,0.995,0.9538039466561685,0.4249404337799474,0.4520214202848084,0.6534127257516855,0.0,False
A,21,A:21,13,normal,,linear_residual,gmm,0,40642,3583,6,46,144,0.999,0.9855691156931253,0.4249404337799474,0.4520214202848084,0.6534127257516855,0.0,False
A,21,A:21,13,normal,,linear_residual,gmm,0,40642,3583,6,46,432,0.95,0.708246395354558,0.37144293893228586,0.4535433888654772,0.5395034693174549,0.0,False
A,21,A:21,13,normal,,linear_residual,gmm,0,40642,3583,6,46,432,0.975,0.7821465479061069,0.37144293893228586,0.4535433888654772,0.5395034693174549,0.0,False
A,21,A:21,13,normal,,linear_residual,gmm,0,40642,3583,6,46,432,0.99,0.9101555041582594,0.37144293893228586,0.4535433888654772,0.5395034693174549,0.0,False
A,21,A:21,13,normal,,linear_residual,gmm,0,40642,3583,6,46,432,0.995,0.9307120712563358,0.37144293893228586,0.4535433888654772,0.5395034693174549,0.0,False
A,21,A:21,13,normal,,linear_residual,gmm,0,40642,3583,6,46,432,0.999,0.9319915358496137,0.37144293893228586,0.4535433888654772,0.5395034693174549,0.0,False
A,0,A:0,24,normal,,linear_residual,gmm,0,46110,2714,6,46,1,0.95,0.9500010843634785,0.459605574571205,0.4596164182059913,0.9130850140967252,0.025055268975681652,True
A,0,A:0,24,normal,,linear_residual,gmm,0,46110,2714,6,46,1,0.975,0.9750005421817394,0.459605574571205,0.4596164182059913,0.9130850140967252,0.011422254974207811,True
A,0,A:0,24,normal,,linear_residual,gmm,0,46110,2714,6,46,1,0.99,0.9900002168726956,0.459605574571205,0.4596164182059913,0.9130850140967252,0.0058953574060427415,True
A,0,A:0,24,normal,,linear_residual,gmm,0,46110,2714,6,46,1,0.995,0.9950001084363479,0.459605574571205,0.4596164182059913,0.9130850140967252,0.001105379513633014,True
A,0,A:0,24,normal,,linear_residual,gmm,0,46110,2714,6,46,1,0.999,0.9990000216872696,0.459605574571205,0.4596164182059913,0.9130850140967252,0.001105379513633014,True
A,0,A:0,24,normal,,linear_residual,gmm,0,46110,2714,6,46,6,0.95,0.9120516157015829,0.45593110464275377,0.45616705957862136,0.8570022771633051,0.016212232866617538,True
A,0,A:0,24,normal,,linear_residual,gmm,0,46110,2714,6,46,6,0.975,0.9459227933203209,0.45593110464275377,0.45616705957862136,0.8570022771633051,0.00552689756816507,True
A,0,A:0,24,normal,,linear_residual,gmm,0,46110,2714,6,46,6,0.99,0.9718282368249838,0.45593110464275377,0.45616705957862136,0.8570022771633051,0.0014738393515106854,True
A,0,A:0,24,normal,,linear_residual,gmm,0,46110,2714,6,46,6,0.995,0.9817541205812189,0.45593110464275377,0.45616705957862136,0.8570022771633051,0.0014738393515106854,True
A,0,A:0,24,normal,,linear_residual,gmm,0,46110,2714,6,46,6,0.999,0.9928323574062026,0.45593110464275377,0.45616705957862136,0.8570022771633051,0.0,False
A,0,A:0,24,normal,,linear_residual,gmm,0,46110,2714,6,46,36,0.95,0.850769898069833,0.4429257149487296,0.451529459926257,0.798004771199306,0.012896094325718496,True
A,0,A:0,24,normal,,linear_residual,gmm,0,46110,2714,6,46,36,0.975,0.9025048796356538,0.4429257149487296,0.451529459926257,0.798004771199306,0.0,False
A,0,A:0,24,normal,,linear_residual,gmm,0,46110,2714,6,46,36,0.99,0.948546952938625,0.4429257149487296,0.451529459926257,0.798004771199306,0.0,False
A,0,A:0,24,normal,,linear_residual,gmm,0,46110,2714,6,46,36,0.995,0.9618737800910866,0.4429257149487296,0.451529459926257,0.798004771199306,0.0,False
A,0,A:0,24,normal,,linear_residual,gmm,0,46110,2714,6,46,36,0.999,0.9856430275428324,0.4429257149487296,0.451529459926257,0.798004771199306,0.0,False
A,0,A:0,24,normal,,linear_residual,gmm,0,46110,2714,6,46,144,0.95,0.7797983083929734,0.4180245702220844,0.45775591976956836,0.7581663413576231,0.025423728813559324,True
A,0,A:0,24,normal,,linear_residual,gmm,0,46110,2714,6,46,144,0.975,0.8475927130774235,0.4180245702220844,0.45775591976956836,0.7581663413576231,0.0,False
A,0,A:0,24,normal,,linear_residual,gmm,0,46110,2714,6,46,144,0.99,0.8887551507265236,0.4180245702220844,0.45775591976956836,0.7581663413576231,0.0,False
A,0,A:0,24,normal,,linear_residual,gmm,0,46110,2714,6,46,144,0.995,0.939930329646498,0.4180245702220844,0.45775591976956836,0.7581663413576231,0.0,False
A,0,A:0,24,normal,,linear_residual,gmm,0,46110,2714,6,46,144,0.999,0.9575146389069615,0.4180245702220844,0.45775591976956836,0.7581663413576231,0.0,False
A,0,A:0,24,normal,,linear_residual,gmm,0,46110,2714,6,46,432,0.95,0.7288375623508986,0.3724497720759064,0.4503876060051203,0.6088158750813273,0.0,False
A,0,A:0,24,normal,,linear_residual,gmm,0,46110,2714,6,46,432,0.975,0.8022508674907831,0.3724497720759064,0.4503876060051203,0.6088158750813273,0.0,False
A,0,A:0,24,normal,,linear_residual,gmm,0,46110,2714,6,46,432,0.99,0.8612556929082629,0.3724497720759064,0.4503876060051203,0.6088158750813273,0.0,False
A,0,A:0,24,normal,,linear_residual,gmm,0,46110,2714,6,46,432,0.995,0.8772500542181739,0.3724497720759064,0.4503876060051203,0.6088158750813273,0.0,False
A,0,A:0,24,normal,,linear_residual,gmm,0,46110,2714,6,46,432,0.999,0.8846797440902199,0.3724497720759064,0.4503876060051203,0.6088158750813273,0.0,False
A,10,A:10,3,normal,,linear_residual,gmm,0,41635,3302,6,46,1,0.95,0.9500012009126936,0.4924102026807485,0.492422211807685,0.9099135342860574,0.02392489400363416,True
A,10,A:10,3,normal,,linear_residual,gmm,0,41635,3302,6,46,1,0.975,0.9750006004563468,0.4924102026807485,0.492422211807685,0.9099135342860574,0.00938824954572986,True
A,10,A:10,3,normal,,linear_residual,gmm,0,41635,3302,6,46,1,0.99,0.9900002401825386,0.4924102026807485,0.492422211807685,0.9099135342860574,0.0030284675953967293,True
A,10,A:10,3,normal,,linear_residual,gmm,0,41635,3302,6,46,1,0.995,0.9950001200912694,0.4924102026807485,0.492422211807685,0.9099135342860574,0.0009085402786190188,True
A,10,A:10,3,normal,,linear_residual,gmm,0,41635,3302,6,46,1,0.999,0.9990000240182539,0.4924102026807485,0.492422211807685,0.9099135342860574,0.0003028467595396729,True
A,10,A:10,3,normal,,linear_residual,gmm,0,41635,3302,6,46,6,0.95,0.9158640566830791,0.49037704876178334,0.4870620169208671,0.8617677434850485,0.016959418534221685,True
A,10,A:10,3,normal,,linear_residual,gmm,0,41635,3302,6,46,6,0.975,0.9495136303590729,0.49037704876178334,0.4870620169208671,0.8617677434850485,0.00817686250757117,True
A,10,A:10,3,normal,,linear_residual,gmm,0,41635,3302,6,46,6,0.99,0.9752047556142666,0.49037704876178334,0.4870620169208671,0.8617677434850485,0.0015142337976983646,True
A,10,A:10,3,normal,,linear_residual,gmm,0,41635,3302,6,46,6,0.995,0.9870398703014293,0.49037704876178334,0.4870620169208671,0.8617677434850485,0.0,False
A,10,A:10,3,normal,,linear_residual,gmm,0,41635,3302,6,46,6,0.999,0.9958208238261078,0.49037704876178334,0.4870620169208671,0.8617677434850485,0.0,False
A,10,A:10,3,normal,,linear_residual,gmm,0,41635,3302,6,46,36,0.95,0.8521748528881944,0.5032795172665568,0.49078317692251683,0.8006839197790321,0.009691096305269533,True
A,10,A:10,3,normal,,linear_residual,gmm,0,41635,3302,6,46,36,0.975,0.8962591569592893,0.5032795172665568,0.49078317692251683,0.8006839197790321,0.0024227740763173833,True
A,10,A:10,3,normal,,linear_residual,gmm,0,41635,3302,6,46,36,0.99,0.9296865617869581,0.5032795172665568,0.49078317692251683,0.8006839197790321,0.0,False
A,10,A:10,3,normal,,linear_residual,gmm,0,41635,3302,6,46,36,0.995,0.9577038549297466,0.5032795172665568,0.49078317692251683,0.8006839197790321,0.0,False
A,10,A:10,3,normal,,linear_residual,gmm,0,41635,3302,6,46,36,0.999,0.9896241143268885,0.5032795172665568,0.49078317692251683,0.8006839197790321,0.0,False
A,10,A:10,3,normal,,linear_residual,gmm,0,41635,3302,6,46,144,0.95,0.7835943316920858,0.49787147499210244,0.48549432032305784,0.7020643689203795,0.0,False
A,10,A:10,3,normal,,linear_residual,gmm,0,41635,3302,6,46,144,0.975,0.8260477963252071,0.49787147499210244,0.48549432032305784,0.7020643689203795,0.0,False
A,10,A:10,3,normal,,linear_residual,gmm,0,41635,3302,6,46,144,0.99,0.8736673471838594,0.49787147499210244,0.48549432032305784,0.7020643689203795,0.0,False
A,10,A:10,3,normal,,linear_residual,gmm,0,41635,3302,6,46,144,0.995,0.9092470277410832,0.49787147499210244,0.48549432032305784,0.7020643689203795,0.0,False
A,10,A:10,3,normal,,linear_residual,gmm,0,41635,3302,6,46,144,0.999,0.9828852648012493,0.49787147499210244,0.48549432032305784,0.7020643689203795,0.0,False
A,10,A:10,3,normal,,linear_residual,gmm,0,41635,3302,6,46,432,0.95,0.7477122613186021,0.45539701148039075,0.47159047538758164,0.6591209319082503,0.0,False
A,10,A:10,3,normal,,linear_residual,gmm,0,41635,3302,6,46,432,0.975,0.7859493214843281,0.45539701148039075,0.47159047538758164,0.6591209319082503,0.0,False
A,10,A:10,3,normal,,linear_residual,gmm,0,41635,3302,6,46,432,0.99,0.8170169328689805,0.45539701148039075,0.47159047538758164,0.6591209319082503,0.0,False
A,10,A:10,3,normal,,linear_residual,gmm,0,41635,3302,6,46,432,0.995,0.85687522517113,0.45539701148039075,0.47159047538758164,0.6591209319082503,0.0,False
A,10,A:10,3,normal,,linear_residual,gmm,0,41635,3302,6,46,432,0.999,0.8991383211240549,0.45539701148039075,0.47159047538758164,0.6591209319082503,0.0,False
A,10,A:10,17,normal,,linear_residual,gmm,0,45031,2781,6,46,1,0.95,0.9500011103462059,0.4649636143820409,0.4649747178441003,0.9588283626834847,0.061848256023013304,True
A,10,A:10,17,normal,,linear_residual,gmm,0,45031,2781,6,46,1,0.975,0.9750005551731029,0.4649636143820409,0.4649747178441003,0.9588283626834847,0.029845379359942466,True
A,10,A:10,17,normal,,linear_residual,gmm,0,45031,2781,6,46,1,0.99,0.9900002220692411,0.4649636143820409,0.4649747178441003,0.9588283626834847,0.011866235167206042,True
A,10,A:10,17,normal,,linear_residual,gmm,0,45031,2781,6,46,1,0.995,0.9950001110346206,0.4649636143820409,0.4649747178441003,0.9588283626834847,0.004674577490111471,True
A,10,A:10,17,normal,,linear_residual,gmm,0,45031,2781,6,46,1,0.999,0.9990000222069242,0.4649636143820409,0.4649747178441003,0.9588283626834847,0.0003595828838547285,True
A,10,A:10,17,normal,,linear_residual,gmm,0,45031,2781,6,46,6,0.95,0.9127767537918323,0.45947965799037116,0.4603785113920203,0.9259177011392152,0.06508450197770586,True
A,10,A:10,17,normal,,linear_residual,gmm,0,45031,2781,6,46,6,0.975,0.947924762941085,0.45947965799037116,0.4603785113920203,0.9259177011392152,0.03164329377921611,True
A,10,A:10,17,normal,,linear_residual,gmm,0,45031,2781,6,46,6,0.99,0.9758943838688903,0.45947965799037116,0.4603785113920203,0.9259177011392152,0.011147069399496584,True
A,10,A:10,17,normal,,linear_residual,gmm,0,45031,2781,6,46,6,0.995,0.9873753636383824,0.45947965799037116,0.4603785113920203,0.9259177011392152,0.003955411722402014,True
A,10,A:10,17,normal,,linear_residual,gmm,0,45031,2781,6,46,6,0.999,0.9973129621816083,0.45947965799037116,0.4603785113920203,0.9259177011392152,0.0,False
A,10,A:10,17,normal,,linear_residual,gmm,0,45031,2781,6,46,36,0.95,0.8488152605982546,0.44512575623021006,0.4489514718499369,0.825797783748973,0.038834951456310676,True
A,10,A:10,17,normal,,linear_residual,gmm,0,45031,2781,6,46,36,0.975,0.8865725833314828,0.44512575623021006,0.4489514718499369,0.825797783748973,0.020855807263574253,True
A,10,A:10,17,normal,,linear_residual,gmm,0,45031,2781,6,46,36,0.99,0.9283493593302392,0.44512575623021006,0.4489514718499369,0.825797783748973,0.008989572096368213,True
A,10,A:10,17,normal,,linear_residual,gmm,0,45031,2781,6,46,36,0.995,0.9474734072083675,0.44512575623021006,0.4489514718499369,0.825797783748973,0.004674577490111471,True
A,10,A:10,17,normal,,linear_residual,gmm,0,45031,2781,6,46,36,0.999,0.9891455885945241,0.44512575623021006,0.4489514718499369,0.825797783748973,0.0,False
A,10,A:10,17,normal,,linear_residual,gmm,0,45031,2781,6,46,144,0.95,0.7858142168728209,0.40676629326853675,0.4402709001991524,0.7298527680930915,0.02409205321826681,True
A,10,A:10,17,normal,,linear_residual,gmm,0,45031,2781,6,46,144,0.975,0.8326819302258444,0.40676629326853675,0.4402709001991524,0.7298527680930915,0.010787486515641856,True
A,10,A:10,17,normal,,linear_residual,gmm,0,45031,2781,6,46,144,0.99,0.8627834158690679,0.40676629326853675,0.4402709001991524,0.7298527680930915,0.0,False
A,10,A:10,17,normal,,linear_residual,gmm,0,45031,2781,6,46,144,0.995,0.8858369789700428,0.40676629326853675,0.4402709001991524,0.7298527680930915,0.0,False
A,10,A:10,17,normal,,linear_residual,gmm,0,45031,2781,6,46,144,0.999,0.906553818480607,0.40676629326853675,0.4402709001991524,0.7298527680930915,0.0,False
A,10,A:10,17,normal,,linear_residual,gmm,0,45031,2781,6,46,432,0.95,0.7518598298949613,0.3812330458099619,0.4437196810306338,0.6320756811973973,0.0,False
A,10,A:10,17,normal,,linear_residual,gmm,0,45031,2781,6,46,432,0.975,0.7879349781261797,0.3812330458099619,0.4437196810306338,0.6320756811973973,0.0,False
A,10,A:10,17,normal,,linear_residual,gmm,0,45031,2781,6,46,432,0.99,0.8254535764251294,0.3812330458099619,0.4437196810306338,0.6320756811973973,0.0,False
A,10,A:10,17,normal,,linear_residual,gmm,0,45031,2781,6,46,432,0.995,0.838411316648531,0.3812330458099619,0.4437196810306338,0.6320756811973973,0.0,False
A,10,A:10,17,normal,,linear_residual,gmm,0,45031,2781,6,46,432,0.999,0.9439206324531996,0.3812330458099619,0.4437196810306338,0.6320756811973973,0.0,False
A,13,A:13,38,normal,,linear_residual,gmm,0,47430,2544,6,46,1,0.95,0.9500010541851148,0.5748414992899169,0.5748520411410659,0.9645098039215686,0.07154088050314465,True
A,13,A:13,38,normal,,linear_residual,gmm,0,47430,2544,6,46,1,0.975,0.9750005270925575,0.5748414992899169,0.5748520411410659,0.9645098039215686,0.035770440251572326,True
A,13,A:13,38,normal,,linear_residual,gmm,0,47430,2544,6,46,1,0.99,0.9900002108370229,0.5748414992899169,0.5748520411410659,0.9645098039215686,0.014150943396226415,True
A,13,A:13,38,normal,,linear_residual,gmm,0,47430,2544,6,46,1,0.995,0.9950001054185116,0.5748414992899169,0.5748520411410659,0.9645098039215686,0.0066823899371069185,True
A,13,A:13,38,normal,,linear_residual,gmm,0,47430,2544,6,46,1,0.999,0.9990000210837024,0.5748414992899169,0.5748520411410659,0.9645098039215686,0.0023584905660377358,True
A,13,A:13,38,normal,,linear_residual,gmm,0,47430,2544,6,46,6,0.95,0.9112339236769976,0.5868408939622376,0.5776519261420671,0.9446331435800126,0.09433962264150944,True
A,13,A:13,38,normal,,linear_residual,gmm,0,47430,2544,6,46,6,0.975,0.9456356736242884,0.5868408939622376,0.5776519261420671,0.9446331435800126,0.04834905660377359,True
A,13,A:13,38,normal,,linear_residual,gmm,0,47430,2544,6,46,6,0.99,0.9714104996837445,0.5868408939622376,0.5776519261420671,0.9446331435800126,0.02122641509433962,True
A,13,A:13,38,normal,,linear_residual,gmm,0,47430,2544,6,46,6,0.995,0.9828905755850728,0.5868408939622376,0.5776519261420671,0.9446331435800126,0.006289308176100629,True
A,13,A:13,38,normal,,linear_residual,gmm,0,47430,2544,6,46,6,0.999,0.9959127556398905,0.5868408939622376,0.5776519261420671,0.9446331435800126,0.0,False
A,13,A:13,38,normal,,linear_residual,gmm,0,47430,2544,6,46,36,0.95,0.847111532785157,0.6159504920856556,0.5851965060725041,0.9155913978494623,0.08726415094339622,True
A,13,A:13,38,normal,,linear_residual,gmm,0,47430,2544,6,46,36,0.975,0.8847193232131564,0.6159504920856556,0.5851965060725041,0.9155913978494623,0.07900943396226415,True
A,13,A:13,38,normal,,linear_residual,gmm,0,47430,2544,6,46,36,0.99,0.919594454986295,0.6159504920856556,0.5851965060725041,0.9155913978494623,0.03852201257861635,True
A,13,A:13,38,normal,,linear_residual,gmm,0,47430,2544,6,46,36,0.995,0.9442968585283575,0.6159504920856556,0.5851965060725041,0.9155913978494623,0.00589622641509434,True
A,13,A:13,38,normal,,linear_residual,gmm,0,47430,2544,6,46,36,0.999,0.9764127872654486,0.6159504920856556,0.5851965060725041,0.9155913978494623,0.0,False
A,13,A:13,38,normal,,linear_residual,gmm,0,47430,2544,6,46,144,0.95,0.7739157706093179,0.6820142883521165,0.6022440592690719,0.863662239089184,0.12303459119496855,True
A,13,A:13,38,normal,,linear_residual,gmm,0,47430,2544,6,46,144,0.975,0.8106051022559562,0.6820142883521165,0.6022440592690719,0.863662239089184,0.08215408805031446,True
A,13,A:13,38,normal,,linear_residual,gmm,0,47430,2544,6,46,144,0.99,0.855112797807295,0.6820142883521165,0.6022440592690719,0.863662239089184,0.0589622641509434,True
A,13,A:13,38,normal,,linear_residual,gmm,0,47430,2544,6,46,144,0.995,0.8834176681425259,0.6820142883521165,0.6022440592690719,0.863662239089184,0.02161949685534591,True
A,13,A:13,38,normal,,linear_residual,gmm,0,47430,2544,6,46,144,0.999,0.9216318785578748,0.6820142883521165,0.6022440592690719,0.863662239089184,0.0,False
A,13,A:13,38,normal,,linear_residual,gmm,0,47430,2544,6,46,432,0.95,0.7234450769555134,0.751297422583695,0.60762191170172,0.8003457727176891,0.1434748427672956,True
A,13,A:13,38,normal,,linear_residual,gmm,0,47430,2544,6,46,432,0.975,0.75820156019397,0.751297422583695,0.60762191170172,0.8003457727176891,0.10534591194968554,True
A,13,A:13,38,normal,,linear_residual,gmm,0,47430,2544,6,46,432,0.99,0.776280834914611,0.751297422583695,0.60762191170172,0.8003457727176891,0.08411949685534591,True
A,13,A:13,38,normal,,linear_residual,gmm,0,47430,2544,6,46,432,0.995,0.8014655281467467,0.751297422583695,0.60762191170172,0.8003457727176891,0.046383647798742135,True
A,13,A:13,38,normal,,linear_residual,gmm,0,47430,2544,6,46,432,0.999,0.8322896900695762,0.751297422583695,0.60762191170172,0.8003457727176891,0.0,False
A,0,A:0,71,normal,,linear_residual,gmm,0,44950,2449,6,46,1,0.95,0.9500011123470522,0.5332469814698151,0.533258104940338,0.9647430478309232,0.0759493670886076,True
A,0,A:0,71,normal,,linear_residual,gmm,0,44950,2449,6,46,1,0.975,0.9750005561735262,0.5332469814698151,0.533258104940338,0.9647430478309232,0.03225806451612903,True
A,0,A:0,71,normal,,linear_residual,gmm,0,44950,2449,6,46,1,0.99,0.9900002224694104,0.5332469814698151,0.533258104940338,0.9647430478309232,0.007349938750510413,True
A,0,A:0,71,normal,,linear_residual,gmm,0,44950,2449,6,46,1,0.995,0.9950001112347051,0.5332469814698151,0.533258104940338,0.9647430478309232,0.0008166598611678236,True
A,0,A:0,71,normal,,linear_residual,gmm,0,44950,2449,6,46,1,0.999,0.9990000222469411,0.5332469814698151,0.533258104940338,0.9647430478309232,0.0,False
A,0,A:0,71,normal,,linear_residual,gmm,0,44950,2449,6,46,6,0.95,0.9085650723025585,0.5418657316713684,0.5324913712482132,0.946723025583982,0.09840751327072274,True
A,0,A:0,71,normal,,linear_residual,gmm,0,44950,2449,6,46,6,0.975,0.9481312569521692,0.5418657316713684,0.5324913712482132,0.946723025583982,0.048591261739485504,True
A,0,A:0,71,normal,,linear_residual,gmm,0,44950,2449,6,46,6,0.99,0.9724528364849834,0.5418657316713684,0.5324913712482132,0.946723025583982,0.014291547570436913,True
A,0,A:0,71,normal,,linear_residual,gmm,0,44950,2449,6,46,6,0.995,0.9829505561735261,0.5418657316713684,0.5324913712482132,0.946723025583982,0.004083299305839118,True
A,0,A:0,71,normal,,linear_residual,gmm,0,44950,2449,6,46,6,0.999,0.9932642825361513,0.5418657316713684,0.5324913712482132,0.946723025583982,0.0,False
A,0,A:0,71,normal,,linear_residual,gmm,0,44950,2449,6,46,36,0.95,0.8376084538375974,0.5633109016824193,0.5345672043389257,0.9220022246941045,0.14087382605144957,True
A,0,A:0,71,normal,,linear_residual,gmm,0,44950,2449,6,46,36,0.975,0.8792547274749722,0.5633109016824193,0.5345672043389257,0.9220022246941045,0.08207431604736627,True
A,0,A:0,71,normal,,linear_residual,gmm,0,44950,2449,6,46,36,0.99,0.940789766407119,0.5633109016824193,0.5345672043389257,0.9220022246941045,0.03144140465496121,True
A,0,A:0,71,normal,,linear_residual,gmm,0,44950,2449,6,46,36,0.995,0.9616907675194661,0.5633109016824193,0.5345672043389257,0.9220022246941045,0.007758268681094325,True
A,0,A:0,71,normal,,linear_residual,gmm,0,44950,2449,6,46,36,0.999,0.9829983314794213,0.5633109016824193,0.5345672043389257,0.9220022246941045,0.0,False
A,0,A:0,71,normal,,linear_residual,gmm,0,44950,2449,6,46,144,0.95,0.739488320355951,0.5809548834034095,0.5353809981691013,0.8977864293659622,0.17027358105349122,True
A,0,A:0,71,normal,,linear_residual,gmm,0,44950,2449,6,46,144,0.975,0.7744827586206897,0.5809548834034095,0.5353809981691013,0.8977864293659622,0.15720702327480604,True
A,0,A:0,71,normal,,linear_residual,gmm,0,44950,2449,6,46,144,0.99,0.8643064516129048,0.5809548834034095,0.5353809981691013,0.8977864293659622,0.09269089424254798,True
A,0,A:0,71,normal,,linear_residual,gmm,0,44950,2449,6,46,144,0.995,0.9189766407119021,0.5809548834034095,0.5353809981691013,0.8977864293659622,0.006124948958758677,True
A,0,A:0,71,normal,,linear_residual,gmm,0,44950,2449,6,46,144,0.999,0.9482647385984426,0.5809548834034095,0.5353809981691013,0.8977864293659622,0.0,False
A,0,A:0,71,normal,,linear_residual,gmm,0,44950,2449,6,46,432,0.95,0.685083426028921,0.5056561371443521,0.5060151631661876,0.8431790878754171,0.1253572886892609,True
A,0,A:0,71,normal,,linear_residual,gmm,0,44950,2449,6,46,432,0.975,0.7322246941045607,0.5056561371443521,0.5060151631661876,0.8431790878754171,0.11229073091057575,True
A,0,A:0,71,normal,,linear_residual,gmm,0,44950,2449,6,46,432,0.99,0.8319132369299221,0.5056561371443521,0.5060151631661876,0.8431790878754171,0.05920783993466721,True
A,0,A:0,71,normal,,linear_residual,gmm,0,44950,2449,6,46,432,0.995,0.8576529477196886,0.5056561371443521,0.5060151631661876,0.8431790878754171,0.04001633319722336,True
A,0,A:0,71,normal,,linear_residual,gmm,0,44950,2449,6,46,432,0.999,0.8703166629588428,0.5056561371443521,0.5060151631661876,0.8431790878754171,0.013883217639853002,True
A,13,A:13,14,normal,,linear_residual,gmm,0,49422,1901,6,46,1,0.95,0.9500010116951965,0.54470870533222,0.5447188222841849,0.9464003884909554,0.0483955812730142,True
A,13,A:13,14,normal,,linear_residual,gmm,0,49422,1901,6,46,1,0.975,0.9750005058475982,0.54470870533222,0.5447188222841849,0.9464003884909554,0.022619673855865333,True
A,13,A:13,14,normal,,linear_residual,gmm,0,49422,1901,6,46,1,0.99,0.9900002023390393,0.54470870533222,0.5447188222841849,0.9464003884909554,0.005786428195686481,True
A,13,A:13,14,normal,,linear_residual,gmm,0,49422,1901,6,46,1,0.995,0.9950001011695195,0.54470870533222,0.5447188222841849,0.9464003884909554,0.0026301946344029457,True
A,13,A:13,14,normal,,linear_residual,gmm,0,49422,1901,6,46,1,0.999,0.9990000202339039,0.54470870533222,0.5447188222841849,0.9464003884909554,0.0,False
A,13,A:13,14,normal,,linear_residual,gmm,0,49422,1901,6,46,6,0.95,0.9113947229978552,0.5533866818677462,0.5431134998967868,0.9031301849378819,0.04576538663861126,True
A,13,A:13,14,normal,,linear_residual,gmm,0,49422,1901,6,46,6,0.975,0.9463685200922665,0.5533866818677462,0.5431134998967868,0.9031301849378819,0.01841136244082062,True
A,13,A:13,14,normal,,linear_residual,gmm,0,49422,1901,6,46,6,0.99,0.9728966856865364,0.5533866818677462,0.5431134998967868,0.9031301849378819,0.004208311415044713,True
A,13,A:13,14,normal,,linear_residual,gmm,0,49422,1901,6,46,6,0.995,0.9848751568127554,0.5533866818677462,0.5431134998967868,0.9031301849378819,0.0010520778537611783,True
A,13,A:13,14,normal,,linear_residual,gmm,0,49422,1901,6,46,6,0.999,0.9952455687750393,0.5533866818677462,0.5431134998967868,0.9031301849378819,0.0,False
A,13,A:13,14,normal,,linear_residual,gmm,0,49422,1901,6,46,36,0.95,0.8412953745295617,0.5713468633755503,0.5399276658689975,0.8435109870098336,0.05312993161493951,True
A,13,A:13,14,normal,,linear_residual,gmm,0,49422,1901,6,46,36,0.975,0.8807211363360448,0.5713468633755503,0.5399276658689975,0.8435109870098336,0.033666491320357705,True
A,13,A:13,14,normal,,linear_residual,gmm,0,49422,1901,6,46,36,0.99,0.9293836752863098,0.5713468633755503,0.5399276658689975,0.8435109870098336,0.0,False
A,13,A:13,14,normal,,linear_residual,gmm,0,49422,1901,6,46,36,0.995,0.9588847072154101,0.5713468633755503,0.5399276658689975,0.8435109870098336,0.0,False
A,13,A:13,14,normal,,linear_residual,gmm,0,49422,1901,6,46,36,0.999,0.9895694225243818,0.5713468633755503,0.5399276658689975,0.8435109870098336,0.0,False
A,13,A:13,14,normal,,linear_residual,gmm,0,49422,1901,6,46,144,0.95,0.7582265994901051,0.6053102055447454,0.5420188095052133,0.7871899154222816,0.05996843766438716,True
A,13,A:13,14,normal,,linear_residual,gmm,0,49422,1901,6,46,144,0.975,0.7994415442515479,0.6053102055447454,0.5420188095052133,0.7871899154222816,0.02524986849026828,True
A,13,A:13,14,normal,,linear_residual,gmm,0,49422,1901,6,46,144,0.99,0.8578972927036542,0.6053102055447454,0.5420188095052133,0.7871899154222816,0.0,False
A,13,A:13,14,normal,,linear_residual,gmm,0,49422,1901,6,46,144,0.995,0.9078235401238296,0.6053102055447454,0.5420188095052133,0.7871899154222816,0.0,False
A,13,A:13,14,normal,,linear_residual,gmm,0,49422,1901,6,46,144,0.999,0.9818299542713771,0.6053102055447454,0.5420188095052133,0.7871899154222816,0.0,False
A,13,A:13,14,normal,,linear_residual,gmm,0,49422,1901,6,46,432,0.95,0.7043017279753956,0.6879905031996284,0.5558548988325027,0.6639148557322649,0.0,False
A,13,A:13,14,normal,,linear_residual,gmm,0,49422,1901,6,46,432,0.975,0.76545870260208,0.6879905031996284,0.5558548988325027,0.6639148557322649,0.0,False
A,13,A:13,14,normal,,linear_residual,gmm,0,49422,1901,6,46,432,0.99,0.7890377766986365,0.6879905031996284,0.5558548988325027,0.6639148557322649,0.0,False
A,13,A:13,14,normal,,linear_residual,gmm,0,49422,1901,6,46,432,0.995,0.8090222977621302,0.6879905031996284,0.5558548988325027,0.6639148557322649,0.0,False
A,13,A:13,14,normal,,linear_residual,gmm,0,49422,1901,6,46,432,0.999,0.8683683379871312,0.6879905031996284,0.5558548988325027,0.6639148557322649,0.0,False
A,11,A:11,92,normal,,linear_residual,gmm,0,49848,1774,6,46,1,0.95,0.9500010030492697,0.48793771622666393,0.48794774671936175,0.9046932675333013,0.019729425028184894,True
A,11,A:11,92,normal,,linear_residual,gmm,0,49848,1774,6,46,1,0.975,0.9750005015246348,0.48793771622666393,0.48794774671936175,0.9046932675333013,0.009019165727170236,True
A,11,A:11,92,normal,,linear_residual,gmm,0,49848,1774,6,46,1,0.99,0.9900002006098539,0.48793771622666393,0.48794774671936175,0.9046932675333013,0.0016910935738444193,True
A,11,A:11,92,normal,,linear_residual,gmm,0,49848,1774,6,46,1,0.995,0.9950001003049269,0.48793771622666393,0.48794774671936175,0.9046932675333013,0.0,False
A,11,A:11,92,normal,,linear_residual,gmm,0,49848,1774,6,46,1,0.999,0.9990000200609854,0.48793771622666393,0.48794774671936175,0.9046932675333013,0.0,False
A,11,A:11,92,normal,,linear_residual,gmm,0,49848,1774,6,46,6,0.95,0.9106684320333815,0.4823637929203312,0.4789214397789574,0.8293642673728132,0.011273957158962795,True
A,11,A:11,92,normal,,linear_residual,gmm,0,49848,1774,6,46,6,0.975,0.9474602792489167,0.4823637929203312,0.4789214397789574,0.8293642673728132,0.002818489289740699,True
A,11,A:11,92,normal,,linear_residual,gmm,0,49848,1774,6,46,6,0.99,0.9718114066762958,0.4823637929203312,0.4789214397789574,0.8293642673728132,0.0,False
A,11,A:11,92,normal,,linear_residual,gmm,0,49848,1774,6,46,6,0.995,0.9822495887497993,0.4823637929203312,0.4789214397789574,0.8293642673728132,0.0,False
A,11,A:11,92,normal,,linear_residual,gmm,0,49848,1774,6,46,6,0.999,0.9934099662975446,0.4823637929203312,0.4789214397789574,0.8293642673728132,0.0,False
A,11,A:11,92,normal,,linear_residual,gmm,0,49848,1774,6,46,36,0.95,0.8284249117316642,0.47796771746424804,0.4726346221035058,0.751765366714813,0.003945885005636978,True
A,11,A:11,92,normal,,linear_residual,gmm,0,49848,1774,6,46,36,0.975,0.8795036912213128,0.47796771746424804,0.4726346221035058,0.751765366714813,0.0,False
A,11,A:11,92,normal,,linear_residual,gmm,0,49848,1774,6,46,36,0.99,0.933868961643396,0.47796771746424804,0.4726346221035058,0.751765366714813,0.0,False
A,11,A:11,92,normal,,linear_residual,gmm,0,49848,1774,6,46,36,0.995,0.9534384528968063,0.47796771746424804,0.4726346221035058,0.751765366714813,0.0,False
A,11,A:11,92,normal,,linear_residual,gmm,0,49848,1774,6,46,36,0.999,0.9762377627989087,0.47796771746424804,0.4726346221035058,0.751765366714813,0.0,False
A,11,A:11,92,normal,,linear_residual,gmm,0,49848,1774,6,46,144,0.95,0.7443327716257422,0.4709064711175186,0.4620449944607254,0.6571878510672444,0.0,False
A,11,A:11,92,normal,,linear_residual,gmm,0,49848,1774,6,46,144,0.975,0.790994623655914,0.4709064711175186,0.4620449944607254,0.6571878510672444,0.0,False
A,11,A:11,92,normal,,linear_residual,gmm,0,49848,1774,6,46,144,0.99,0.8510070614668592,0.4709064711175186,0.4620449944607254,0.6571878510672444,0.0,False
A,11,A:11,92,normal,,linear_residual,gmm,0,49848,1774,6,46,144,0.995,0.8692625581768576,0.4709064711175186,0.4620449944607254,0.6571878510672444,0.0,False
A,11,A:11,92,normal,,linear_residual,gmm,0,49848,1774,6,46,144,0.999,0.9322139303482587,0.4709064711175186,0.4620449944607254,0.6571878510672444,0.0,False
A,11,A:11,92,normal,,linear_residual,gmm,0,49848,1774,6,46,432,0.95,0.7026360134809821,0.46742036602998027,0.4755550673370609,0.574717140105922,0.0,False
A,11,A:11,92,normal,,linear_residual,gmm,0,49848,1774,6,46,432,0.975,0.7473619804204783,0.46742036602998027,0.4755550673370609,0.574717140105922,0.0,False
A,11,A:11,92,normal,,linear_residual,gmm,0,49848,1774,6,46,432,0.99,0.795572841437971,0.46742036602998027,0.4755550673370609,0.574717140105922,0.0,False
A,11,A:11,92,normal,,linear_residual,gmm,0,49848,1774,6,46,432,0.995,0.8327114427860696,0.46742036602998027,0.4755550673370609,0.574717140105922,0.0,False
A,11,A:11,92,normal,,linear_residual,gmm,0,49848,1774,6,46,432,0.999,0.9487642432996308,0.46742036602998027,0.4755550673370609,0.574717140105922,0.0,False
A,21,A:21,51,anomaly,Gearbox bearings damaged,linear_residual,gmm,0,46912,1673,6,46,1,0.95,0.9500010658253751,0.5316164133081466,0.5316270715618984,0.9534404843110503,0.05260011954572624,True
A,21,A:21,51,anomaly,Gearbox bearings damaged,linear_residual,gmm,0,46912,1673,6,46,1,0.975,0.9750005329126876,0.5316164133081466,0.5316270715618984,0.9534404843110503,0.02510460251046025,True
A,21,A:21,51,anomaly,Gearbox bearings damaged,linear_residual,gmm,0,46912,1673,6,46,1,0.99,0.990000213165075,0.5316164133081466,0.5316270715618984,0.9534404843110503,0.007172743574417215,True
A,21,A:21,51,anomaly,Gearbox bearings damaged,linear_residual,gmm,0,46912,1673,6,46,1,0.995,0.9950001065825376,0.5316164133081466,0.5316270715618984,0.9534404843110503,0.002390914524805738,True
A,21,A:21,51,anomaly,Gearbox bearings damaged,linear_residual,gmm,0,46912,1673,6,46,1,0.999,0.9990000213165074,0.5316164133081466,0.5316270715618984,0.9534404843110503,0.0,False
A,21,A:21,51,anomaly,Gearbox bearings damaged,linear_residual,gmm,0,46912,1673,6,46,6,0.95,0.917950630968622,0.5321738215042049,0.5285411726367498,0.9210116814461118,0.05319784817692767,True
A,21,A:21,51,anomaly,Gearbox bearings damaged,linear_residual,gmm,0,46912,1673,6,46,6,0.975,0.9529640603683492,0.5321738215042049,0.5285411726367498,0.9210116814461118,0.015540944411237299,True
A,21,A:21,51,anomaly,Gearbox bearings damaged,linear_residual,gmm,0,46912,1673,6,46,6,0.99,0.977456727489768,0.5321738215042049,0.5285411726367498,0.9210116814461118,0.0,False
A,21,A:21,51,anomaly,Gearbox bearings damaged,linear_residual,gmm,0,46912,1673,6,46,6,0.995,0.9868796896316507,0.5321738215042049,0.5285411726367498,0.9210116814461118,0.0,False
A,21,A:21,51,anomaly,Gearbox bearings damaged,linear_residual,gmm,0,46912,1673,6,46,6,0.999,0.9968025238744884,0.5321738215042049,0.5285411726367498,0.9210116814461118,0.0,False
A,21,A:21,51,anomaly,Gearbox bearings damaged,linear_residual,gmm,0,46912,1673,6,46,36,0.95,0.8659831173260573,0.5281790914341329,0.517823645488209,0.7626620054570259,0.016138673042438732,True
A,21,A:21,51,anomaly,Gearbox bearings damaged,linear_residual,gmm,0,46912,1673,6,46,36,0.975,0.9129220668485676,0.5281790914341329,0.517823645488209,0.7626620054570259,0.011954572624028692,True
A,21,A:21,51,anomaly,Gearbox bearings damaged,linear_residual,gmm,0,46912,1673,6,46,36,0.99,0.945962653478854,0.5281790914341329,0.517823645488209,0.7626620054570259,0.0,False
A,21,A:21,51,anomaly,Gearbox bearings damaged,linear_residual,gmm,0,46912,1673,6,46,36,0.995,0.9597331173260573,0.5281790914341329,0.517823645488209,0.7626620054570259,0.0,False
A,21,A:21,51,anomaly,Gearbox bearings damaged,linear_residual,gmm,0,46912,1673,6,46,36,0.999,0.9941379604365621,0.5281790914341329,0.517823645488209,0.7626620054570259,0.0,False
A,21,A:21,51,anomaly,Gearbox bearings damaged,linear_residual,gmm,0,46912,1673,6,46,144,0.95,0.7865045190995907,0.5426549431056936,0.5107376459562801,0.6749040757162346,0.0,False
A,21,A:21,51,anomaly,Gearbox bearings damaged,linear_residual,gmm,0,46912,1673,6,46,144,0.975,0.8782049369031376,0.5426549431056936,0.5107376459562801,0.6749040757162346,0.0,False
A,21,A:21,51,anomaly,Gearbox bearings damaged,linear_residual,gmm,0,46912,1673,6,46,144,0.99,0.9198179570259208,0.5426549431056936,0.5107376459562801,0.6749040757162346,0.0,False
A,21,A:21,51,anomaly,Gearbox bearings damaged,linear_residual,gmm,0,46912,1673,6,46,144,0.995,0.9373250447646656,0.5426549431056936,0.5107376459562801,0.6749040757162346,0.0,False
A,21,A:21,51,anomaly,Gearbox bearings damaged,linear_residual,gmm,0,46912,1673,6,46,144,0.999,0.9916759038199181,0.5426549431056936,0.5107376459562801,0.6749040757162346,0.0,False
A,21,A:21,51,anomaly,Gearbox bearings damaged,linear_residual,gmm,0,46912,1673,6,46,432,0.95,0.7314620992496588,0.5804177477393545,0.5094340771779381,0.5587589529331514,0.0,False
A,21,A:21,51,anomaly,Gearbox bearings damaged,linear_residual,gmm,0,46912,1673,6,46,432,0.975,0.8284021145975444,0.5804177477393545,0.5094340771779381,0.5587589529331514,0.0,False
A,21,A:21,51,anomaly,Gearbox bearings damaged,linear_residual,gmm,0,46912,1673,6,46,432,0.99,0.9123478001364256,0.5804177477393545,0.5094340771779381,0.5587589529331514,0.0,False
A,21,A:21,51,anomaly,Gearbox bearings damaged,linear_residual,gmm,0,46912,1673,6,46,432,0.995,0.9217471009549796,0.5804177477393545,0.5094340771779381,0.5587589529331514,0.0,False
A,21,A:21,51,anomaly,Gearbox bearings damaged,linear_residual,gmm,0,46912,1673,6,46,432,0.999,0.9241345497953616,0.5804177477393545,0.5094340771779381,0.5587589529331514,0.0,False
